doc_id,endpoint_index,status,error,submitted_at_s,started_at_s,completed_at_s,input_tokens,output_tokens,output_text,finish_reason
60000001,1,completed,,1785995254.37329,1785995254.3733008,1785995254.8401704,239,4,Carolina Panthers,stop
60000004,1,completed,,1785995254.3784523,1785995254.3784626,1785995254.782342,243,2,gold,stop
60000005,1,completed,,1785995254.378932,1785995254.3789358,1785995254.843772,237,3,golden anniversary,stop
60000007,1,completed,,1785995254.3792202,1785995254.3792238,1785995254.9105318,233,4,American Football Conference,stop
60000009,1,completed,,1785995254.3794835,1785995254.379487,1785995254.901022,232,4,American Football Conference,stop
60000010,1,completed,,1785995254.3797345,1785995254.3797376,1785995254.9153907,235,4,February 7,stop
60000011,1,completed,,1785995254.37997,1785995254.379973,1785995254.842784,234,3,Denver Broncos,stop
60000012,1,completed,,1785995254.3801816,1785995254.3801844,1785995255.0117118,238,5,Levi's Stadium,stop
60000013,1,completed,,1785995254.3804047,1785995254.3804076,1785995255.3102198,238,3,Santa Clara,stop
60000014,1,completed,,1785995254.380685,1785995254.380688,1785995256.296733,244,4,Super Bowl L,stop
60000015,1,completed,,1785995254.3808918,1785995254.3808947,1785995257.3430157,239,5,2015,stop
60000016,1,completed,,1785995254.3811095,1785995254.3811126,1785995257.4306445,242,5,2015,stop
60000017,1,completed,,1785995254.381341,1785995254.381348,1785995255.5082014,238,3,Santa Clara,stop
60000019,1,completed,,1785995254.38156,1785995254.381563,1785995257.5332687,239,6,24-10,stop
60000021,1,completed,,1785995254.3817692,1785995254.3817718,1785995257.0618482,235,5,2016,stop
60000022,1,completed,,1785995254.3819888,1785995254.3819919,1785995255.4039693,233,3,Denver Broncos,stop
60000024,1,completed,,1785995254.382263,1785995254.3822687,1785995255.3008697,234,3,Denver Broncos,stop
60000025,1,completed,,1785995254.3825305,1785995254.3825338,1785995257.3004005,239,5,2015,stop
60000026,1,completed,,1785995254.3827782,1785995254.382781,1785995255.463445,235,3,Denver Broncos,stop
60000028,1,completed,,1785995254.3830822,1785995254.383085,1785995255.4270866,235,3,Super Bowl,stop
60000029,1,completed,,1785995254.3833025,1785995254.383305,1785995256.3044019,239,3,Denver Broncos,stop
60000032,1,completed,,1785995254.3835423,1785995254.3835468,1785995257.6522121,203,5,1995,stop
60000034,1,completed,,1785995254.3837616,1785995254.3837643,1785995257.386376,206,4,New England Patriots,stop
60000035,1,completed,,1785995254.3839762,1785995254.3839788,1785995256.1877873,205,3,Arizona Cardinals,stop
60000037,1,completed,,1785995254.384194,1785995254.3841965,1785995257.1380463,202,4,New England Patriots,stop
60000042,1,completed,,1785995254.3844202,1785995254.384423,1785995257.6159768,217,5,12–4,stop
60000043,1,completed,,1785995254.3846445,1785995254.3846476,1785995255.3446734,206,2,4,stop
60000045,1,completed,,1785995254.3848696,1785995254.3848746,1785995256.5178192,202,3,Cam Newton,stop
60000046,1,completed,,1785995254.385109,1785995254.385112,1785995256.251468,204,3,Arizona Cardinals,stop
60000051,1,completed,,1785995254.385466,1785995254.3854694,1785995256.2740872,211,3,Arizona Cardinals,stop
60000052,1,completed,,1785995254.385738,1785995254.3857434,1785995256.4775844,205,3,Cam Newton,stop
60000053,1,completed,,1785995254.3859687,1785995254.3859715,1785995256.2588105,205,3,Arizona Cardinals,stop
60000055,1,completed,,1785995254.3861825,1785995254.3861852,1785995257.453082,137,4,Von Miller,stop
60000057,1,completed,,1785995254.3863993,1785995254.386402,1785995256.208618,138,3,Broncos,stop
60000061,1,completed,,1785995254.3866081,1785995254.3866107,1785995255.4212258,135,2,seven,stop
60000062,1,completed,,1785995254.3868155,1785995254.386818,1785995257.4083903,134,4,Von Miller,stop
60000063,1,completed,,1785995254.3870244,1785995254.387027,1785995255.2871535,135,2,three,stop
60000064,1,completed,,1785995254.3872313,1785995254.3872337,1785995255.44503,136,2,2,stop
60000065,1,completed,,1785995254.3875186,1785995254.3875213,1785995257.268584,142,4,Von Miller,stop
60000066,1,completed,,1785995254.3877473,1785995254.3877518,1785995257.3216195,138,4,linebacker,stop
60000068,1,completed,,1785995254.387964,1785995254.3879664,1785995255.3497906,145,2,two,stop
60000069,1,completed,,1785995254.3881886,1785995254.388191,1785995257.2479231,136,4,Von Miller,stop
60000072,1,completed,,1785995254.3884025,1785995254.3884048,1785995255.360214,139,2,3,stop
60000073,1,completed,,1785995254.3886166,1785995254.388619,1785995256.4172583,137,3,fumble,stop
60000074,1,completed,,1785995254.3888311,1785995254.3888338,1785995257.0713603,141,4,Von Miller,stop
60000076,1,completed,,1785995254.3890471,1785995254.3890495,1785995255.5016384,137,2,seven,stop
60000077,1,completed,,1785995254.3892603,1785995254.389263,1785995255.3871417,139,2,3,stop
60000081,1,completed,,1785995254.3894713,1785995254.3894737,1785995257.2072203,164,4,$5 million,stop
60000082,1,completed,,1785995254.3897552,1785995254.3897617,1785995256.4864702,158,3,Coldplay,stop
60000084,1,completed,,1785995254.3899794,1785995254.389982,1785995257.7261176,157,6,Super Bowl XLVIII,stop
60000086,1,completed,,1785995254.3902082,1785995254.390211,1785995257.1187603,158,4,$5 million,stop
60000087,1,completed,,1785995254.3904343,1785995254.390437,1785995257.2898982,157,4,Bruno Mars,stop
60000088,1,completed,,1785995254.3906536,1785995254.3906562,1785995257.3973596,157,4,Bruno Mars,stop
60000090,1,completed,,1785995254.3908787,1785995254.3908813,1785995255.5348983,159,2,CBS,stop
60000091,1,completed,,1785995254.3911092,1785995254.3911116,1785995257.3537776,166,4,$5 million,stop
60000092,1,completed,,1785995254.3913329,1785995254.3913355,1785995257.364589,163,4,Bruno Mars,stop
60000094,1,completed,,1785995254.391556,1785995254.3915586,1785995255.5281417,152,2,CBS,stop
60000101,1,completed,,1785995254.3918498,1785995254.3918545,1785995257.7136831,155,6,Super Bowl XLVIII,stop
60000102,1,completed,,1785995254.3920977,1785995254.3921003,1785995257.1673841,155,4,$5 million,stop
60000103,1,completed,,1785995254.392325,1785995254.3923273,1785995256.3435767,156,3,Coldplay,stop
60000104,1,completed,,1785995254.3925505,1785995254.3925529,1785995257.86637,161,7,Beyoncé and Bruno Mars,stop
60000107,1,completed,,1785995254.3927722,1785995254.3927746,1785995257.7637599,110,6,50th Super Bowl,stop
60000110,1,completed,,1785995254.3930047,1785995254.3930068,1785995257.932155,114,8,In early 2012,stop
60000113,1,completed,,1785995254.3932505,1785995254.3932528,1785995257.0901804,108,4,Roger Goodell,stop
60000114,1,completed,,1785995254.3934848,1785995254.3934872,1785995257.2582352,121,4,an important game,stop
60000115,1,completed,,1785995254.3937128,1785995254.3937151,1785995256.4514248,121,3,spectacular,stop
60000118,1,completed,,1785995254.3939426,1785995254.3939471,1785995257.7386243,105,6,Miami's Sun Life Stadium,stop
60000119,1,completed,,1785995254.3942409,1785995254.3942432,1785995257.6400788,105,5,Levi's Stadium,stop
60000121,1,completed,,1785995254.3944747,1785995254.3944774,1785995257.592056,101,5,Levi's Stadium,stop
60000124,1,completed,,1785995254.3947043,1785995254.3947072,1785995257.22747,109,4,Sun Life Stadium,stop
60000127,1,completed,,1785995254.3949466,1785995254.3949492,1785995256.3121333,107,3,New Orleans,stop
60000128,1,completed,,1785995254.3951797,1785995254.3951824,1785995257.2794151,103,4,Sun Life Stadium,stop
60000130,1,completed,,1785995254.3954155,1785995254.3954182,1785995257.5100868,103,5,Levi's Stadium,stop
60000132,1,completed,,1785995254.395649,1785995254.3956513,1785995257.8274624,103,7,Mercedes-Benz Superdome,stop
60000134,1,completed,,1785995254.395888,1785995254.3958907,1785995258.0128794,223,11,"October 16, 2012",stop
60000137,1,completed,,1785995254.3961363,1785995254.3961408,1785995257.5216467,225,5,2010,stop
60000145,1,completed,,1785995254.3970346,1785995254.3970392,1785995257.4757185,226,5,Super Bowl XLIV,stop
60000146,1,completed,,1785995254.3973813,1785995254.3973844,1785995254.7850165,237,2,2,stop
60000150,1,completed,,1785995254.3976624,1785995254.3976653,1785995257.6889367,225,11,"October 16, 2012",stop
60000151,1,completed,,1785995254.397923,1785995254.3979256,1785995254.7859633,224,2,0,stop
60000152,1,completed,,1785995254.3981793,1785995254.3981838,1785995254.8364105,221,3,New Orleans,stop
60000153,1,completed,,1785995254.3984315,1785995254.3984342,1785995255.0305405,221,5,1985,stop
60000158,1,completed,,1785995254.3986948,1785995254.3986971,1785995255.2086887,158,6,$1.2 billion,stop
60000159,1,completed,,1785995254.3989463,1785995254.398949,1785995254.836916,156,3,San Diego,stop
60000164,1,completed,,1785995254.3991961,1785995254.399201,1785995254.840982,159,3,San Diego,stop
60000165,1,completed,,1785995254.3994606,1785995254.3994632,1785995255.028244,164,5,2013,stop
60000167,1,completed,,1785995254.3997767,1785995254.3997793,1785995255.2613354,165,6,$1.2 billion,stop
60000168,1,completed,,1785995254.400036,1785995254.4000387,1785995255.0000432,170,5,1985,stop
60000171,1,completed,,1785995254.4002872,1785995254.4002898,1785995255.0098796,154,5,2014,stop
60000172,1,completed,,1785995254.4005392,1785995254.4005418,1785995255.0216541,156,5,2003,stop
60000177,1,completed,,1785995254.400796,1785995254.4007986,1785995254.989869,158,5,2013,stop
60000178,1,completed,,1785995254.401044,1785995254.4010465,1785995254.8394153,221,3,John Fox,stop
60000179,1,completed,,1785995254.401318,1785995254.401321,1785995254.83746,210,3,10,stop
60000180,1,completed,,1785995254.4015892,1785995254.4015942,1785995254.7854674,212,2,six,stop
60000181,1,completed,,1785995254.4018586,1785995254.4018612,1785995254.9027047,214,4,Carolina Panthers,stop
60000184,1,completed,,1785995254.4021807,1785995254.402183,1785995254.784602,222,2,4,stop
60000187,1,completed,,1785995254.4024482,1785995254.4024508,1785995254.831365,212,2,six,stop
60000188,1,completed,,1785995254.4027107,1785995254.402713,1785995254.9094524,204,3,number one,stop
60000189,1,completed,,1785995254.4029717,1785995254.4029741,1785995254.9074533,204,3,number one,stop
60000190,1,completed,,1785995254.4032354,1785995254.4032378,1785995255.3149748,212,6,Super Bowl XLVIII,stop
60000191,1,completed,,1785995254.4035196,1785995254.4035223,1785995255.4823327,213,6,Super Bowl XXXVIII,stop
60000192,1,completed,,1785995254.403783,1785995254.403788,1785995254.8310134,214,2,six,stop
60000193,1,completed,,1785995254.4040537,1785995254.4040585,1785995254.838712,215,2,1,stop
60000194,1,completed,,1785995254.4043198,1785995254.4043224,1785995254.8380554,216,2,4,stop
60000195,1,completed,,1785995254.4046052,1785995254.4046078,1785995254.9056554,221,3,John Fox,stop
60000196,1,completed,,1785995254.4049344,1785995254.404937,1785995255.2336895,261,5,DeAngelo Williams,stop
60000197,1,completed,,1785995254.4052107,1785995254.4052134,1785995255.0063872,266,4,Kelvin Benjamin,stop
60000198,1,completed,,1785995254.4054945,1785995254.405497,1785995254.8359528,273,2,7,stop
60000199,1,completed,,1785995254.4057758,1785995254.4057784,1785995255.1832955,268,5,1978,stop
60000201,1,completed,,1785995254.406056,1785995254.4060588,1785995254.9065259,261,3,10,stop
60000202,1,completed,,1785995254.4063313,1785995254.4063342,1785995254.8418546,260,2,8,stop
60000203,1,completed,,1785995254.4066107,1785995254.4066153,1785995254.9971938,261,4,Kelvin Benjamin,stop
60000205,1,completed,,1785995254.4068935,1785995254.4068983,1785995255.2697158,267,5,2009,stop
60000209,1,completed,,1785995254.4071763,1785995254.4071786,1785995255.2191052,260,5,DeAngelo Williams,stop
60000210,1,completed,,1785995254.4074664,1785995254.407469,1785995255.2053304,264,5,1978,stop
60000214,1,completed,,1785995254.4078047,1785995254.4078074,1785995255.0030973,263,4,Carolina Panthers,stop
60000215,1,completed,,1785995254.408094,1785995254.4080966,1785995254.9084277,270,3,10,stop
60000218,1,completed,,1785995254.4084005,1785995254.408403,1785995254.911668,386,3,10,stop
60000221,1,completed,,1785995254.408731,1785995254.4087346,1785995254.998586,391,3,45,stop
60000222,1,completed,,1785995254.4091258,1785995254.4091291,1785995255.4951463,389,5,99.4,stop
60000223,1,completed,,1785995254.4094703,1785995254.4094753,1785995255.023805,389,3,77,stop
60000225,1,completed,,1785995254.4097922,1785995254.409795,1785995255.0155275,401,3,Jonathan Stewart,stop
60000226,1,completed,,1785995254.4101174,1785995254.41012,1785995254.912858,394,2,6,stop
60000227,1,completed,,1785995254.4104152,1785995254.4104176,1785995255.0135937,387,3,Cam Newton,stop
60000228,1,completed,,1785995254.4108655,1785995254.4108694,1785995255.3055165,392,5,3837,stop
60000230,1,completed,,1785995254.4112577,1785995254.4112608,1785995254.9040802,391,2,6,stop
60000231,1,completed,,1785995254.411595,1785995254.4115975,1785995255.1746476,392,4,500,stop
60000232,1,completed,,1785995254.4119258,1785995254.4119284,1785995255.3708117,395,5,3837,stop
60000233,1,completed,,1785995254.412231,1785995254.4122338,1785995255.0175197,393,3,10,stop
60000235,1,completed,,1785995254.4125648,1785995254.412571,1785995254.988824,396,3,39,stop
60000236,1,completed,,1785995254.4129431,1785995254.4129465,1785995255.189326,322,4,308,stop
60000239,1,completed,,1785995254.4132934,1785995254.4132965,1785995254.9140959,321,2,4,stop
60000240,1,completed,,1785995254.4136121,1785995254.4136145,1785995255.2782881,324,5,Kawann Short,stop
60000242,1,completed,,1785995254.4139123,1785995254.4139168,1785995255.3198142,320,5,Kawann Short,stop
60000245,1,completed,,1785995254.4143074,1785995254.41431,1785995255.1691658,323,4,Kurt Coleman,stop
60000247,1,completed,,1785995254.4146075,1785995254.4146101,1785995255.4696934,326,5,Kony Ealy,stop
60000248,1,completed,,1785995254.4149053,1785995254.4149077,1785995255.0259964,327,3,Thomas Davis,stop
60000257,1,completed,,1785995254.4152076,1785995254.4152102,1785995255.1539245,499,4,Indianapolis Colts,stop
60000260,1,completed,,1785995254.415546,1785995254.415551,1785995255.4572544,503,5,Gary Kubiak,stop
60000261,1,completed,,1785995254.4158819,1785995254.4158847,1785995255.2916915,502,5,Peyton Manning,stop
60000262,1,completed,,1785995254.4161952,1785995254.4161975,1785995256.19467,500,6,plantar fasciitis,stop
60000263,1,completed,,1785995254.4165137,1785995254.4165163,1785995254.993299,504,3,39,stop
60000264,1,completed,,1785995254.4168286,1785995254.4168313,1785995254.9021,505,2,4,stop
60000268,1,completed,,1785995254.4172084,1785995254.4172108,1785995254.9033616,503,2,left,stop
60000272,1,completed,,1785995254.4175353,1785995254.4175375,1785995255.4096713,315,5,Demaryius Thomas,stop
60000273,1,completed,,1785995254.4178374,1785995254.4178398,1785995256.495562,316,6,C. J. Anderson,stop
60000275,1,completed,,1785995254.4181488,1785995254.4181514,1785995255.2739713,324,5,67.9,stop
60000277,1,completed,,1785995254.4184632,1785995254.4184678,1785995255.0081055,325,3,17,stop
60000279,1,completed,,1785995254.4187753,1785995254.4187777,1785995254.901539,315,2,receiver,stop
60000281,1,completed,,1785995254.419081,1785995254.4190836,1785995255.0047293,321,3,17,stop
60000283,1,completed,,1785995254.4193928,1785995254.4193954,1785995254.9048412,315,2,5,stop
60000287,1,completed,,1785995254.4197032,1785995254.4197059,1785995256.4601038,323,6,C. J. Anderson,stop
60000289,1,completed,,1785995254.4200366,1785995254.4200392,1785995256.5088096,232,6,"4,530",stop
60000290,1,completed,,1785995254.4204113,1785995254.420414,1785995254.994548,229,3,5½,stop
60000291,1,completed,,1785995254.4207287,1785995254.420731,1785995255.1613295,231,3,Brandon Marshall,stop
60000293,1,completed,,1785995254.4210398,1785995254.4210424,1785995255.5147927,230,4,linebacker,stop
60000297,1,completed,,1785995254.4213529,1785995254.4213576,1785995255.3549736,231,4,Von Miller,stop
60000299,1,completed,,1785995254.421668,1785995254.4216707,1785995254.995852,236,2,three,stop
60000303,1,completed,,1785995254.4219897,1785995254.4219923,1785995255.2491374,153,3,Seattle Seahawks,stop
60000305,1,completed,,1785995254.4223125,1785995254.4223154,1785995255.3983116,152,4,487,stop
60000306,1,completed,,1785995254.4226305,1785995254.4226332,1785995255.0195582,153,2,7,stop
60000307,1,completed,,1785995254.4229438,1785995254.4229462,1785995257.2173216,154,6,31–24,stop
60000308,1,completed,,1785995254.4233165,1785995254.423319,1785995255.2226737,156,3,Seattle Seahawks,stop
60000309,1,completed,,1785995254.4236386,1785995254.4236407,1785995257.4418304,157,6,49-15,stop
60000310,1,completed,,1785995254.4239562,1785995254.4239588,1785995255.3345768,159,4,487,stop
60000312,1,completed,,1785995254.424269,1785995254.4242754,1785995255.237466,151,3,Arizona Cardinals,stop
60000315,1,completed,,1785995254.4245896,1785995254.424592,1785995257.3322916,154,6,49-15,stop
60000316,1,completed,,1785995254.424903,1785995254.4249055,1785995255.2020214,150,3,Seattle Seahawks,stop
60000318,1,completed,,1785995254.4252238,1785995254.4252264,1785995256.2441943,170,5,Pittsburgh Steelers,stop
60000319,1,completed,,1785995254.4255495,1785995254.4255521,1785995255.1955607,177,3,11,stop
60000330,1,completed,,1785995254.4258811,1785995254.4258835,1785995255.3654945,170,4,New England Patriots,stop
60000331,1,completed,,1785995254.4262161,1785995254.4262187,1785995256.4427989,175,5,Pittsburgh Steelers,stop
60000332,1,completed,,1785995254.4265928,1785995254.426595,1785995255.521438,170,4,New England Patriots,stop
60000334,1,completed,,1785995254.426912,1785995254.4269145,1785995255.2262945,130,3,Thomas Davis,stop
60000335,1,completed,,1785995254.4272418,1785995254.4272463,1785995255.158794,130,3,broken arm,stop
60000340,1,completed,,1785995254.4275768,1785995254.4275796,1785995255.1515646,130,3,11,stop
60000341,1,completed,,1785995254.4278986,1785995254.4279013,1785995255.2654946,137,3,Super Bowl,stop
60000346,1,completed,,1785995254.4282196,1785995254.4282224,1785995255.2412922,149,3,39,stop
60000352,1,completed,,1785995254.4285538,1785995254.4285564,1785995255.4154234,143,4,John Elway,stop
60000354,1,completed,,1785995254.4288812,1785995254.4288838,1785995256.5543225,150,5,Peyton Manning,stop
60000355,1,completed,,1785995254.4292088,1785995254.4292114,1785995254.9921052,154,2,2,stop
60000357,1,completed,,1785995254.4295378,1785995254.4295402,1785995256.2298043,146,5,Peyton Manning,stop
60000363,1,completed,,1785995254.4299252,1785995254.4299276,1785995256.215627,187,5,1998,stop
60000364,1,completed,,1785995254.4302583,1785995254.4302628,1785995256.367701,187,5,2011,stop
60000367,1,completed,,1785995254.4306026,1785995254.4306054,1785995255.3246872,192,4,Von Miller,stop
60000371,1,completed,,1785995254.4309323,1785995254.4309347,1785995255.257222,188,3,quarterback,stop
60000372,1,completed,,1785995254.43126,1785995254.4312649,1785995256.2891462,187,5,1998,stop
60000373,1,completed,,1785995254.4315958,1785995254.4315984,1785995256.4088533,186,5,2011,stop
60000376,1,completed,,1785995254.4319296,1785995254.4319322,1785995255.1718829,187,3,26,stop
60000377,1,completed,,1785995254.4322753,1785995254.4322777,1785995257.8018289,192,9,13 years and 48 days,stop
60000378,1,completed,,1785995254.4326136,1785995254.4326162,1785995255.001545,120,2,XX,stop
60000379,1,completed,,1785995254.4335618,1785995254.4335651,1785995255.1638892,123,3,Chicago Bears,stop
60000380,1,completed,,1785995254.433951,1785995254.4339561,1785995255.475996,122,4,linebacker,stop
60000382,1,completed,,1785995254.4342961,1785995254.4342985,1785995255.1492302,126,3,Broncos,stop
60000383,1,completed,,1785995254.4346464,1785995254.4346485,1785995255.2826939,123,4,linebacker,stop
60000386,1,completed,,1785995254.4349914,1785995254.434994,1785995254.9909625,123,2,XX,stop
60000387,1,completed,,1785995254.4353297,1785995254.4353323,1785995255.253157,265,3,Justin Tucker,stop
60000388,1,completed,,1785995254.4356878,1785995254.4356925,1785995257.789087,260,9,Hybrid Bermuda 419 turf,stop
60000391,1,completed,,1785995254.4360528,1785995254.4360552,1785995255.2121062,250,3,kicker,stop
60000393,1,completed,,1785995254.4364052,1785995254.4364078,1785995255.1924186,253,3,Kicker,stop
60000394,1,completed,,1785995254.4367583,1785995254.4367607,1785995257.8146307,260,9,Hybrid Bermuda 419 turf,stop
60000396,1,completed,,1785995254.4371712,1785995254.4371758,1785995258.0265212,261,22,re-sodded the field with a new playing surface; a hybrid Bermuda 419 turf.,stop
60000397,1,completed,,1785995254.4375257,1785995254.4375284,1785995257.879433,253,9,hybrid Bermuda 419 turf,stop
60000399,1,completed,,1785995254.4378824,1785995254.437885,1785995255.4887218,266,3,Justin Tucker,stop
60000403,1,completed,,1785995254.4382403,1785995254.438243,1785995255.3296025,289,3,Atlanta Falcons,stop
60000404,1,completed,,1785995254.4386082,1785995254.438611,1785995255.2451842,295,2,white,stop
60000405,1,completed,,1785995254.4389794,1785995254.4389822,1785995257.1872032,293,5,Super Bowl XXXIII,stop
60000406,1,completed,,1785995254.4393454,1785995254.4393482,1785995257.1091905,296,5,Super Bowl XXXIII,stop
60000407,1,completed,,1785995254.43972,1785995254.4397225,1785995257.4643774,292,6,34-19,stop
60000409,1,completed,,1785995254.4400923,1785995254.4400952,1785995255.1664946,296,2,white,stop
60000411,1,completed,,1785995254.4405243,1785995254.4405289,1785995257.099656,298,5,Pittsburgh Steelers,stop
60000413,1,completed,,1785995254.440906,1785995254.4409084,1785995255.1803656,299,2,blue,stop
60000414,1,completed,,1785995254.4412646,1785995254.4412673,1785995255.2299626,291,2,orange,stop
60000416,1,completed,,1785995254.4416304,1785995254.441633,1785995256.2016258,95,4,Stanford University,stop
60000418,1,completed,,1785995254.441989,1785995254.4419913,1785995255.4330165,95,3,San Jose,stop
60000419,1,completed,,1785995254.4423444,1785995254.442347,1785995255.4511125,95,3,Santa Clara,stop
60000420,1,completed,,1785995254.442707,1785995254.4427094,1785995256.3596187,100,4,San Jose Marriott,stop
60000421,1,completed,,1785995254.443059,1785995254.4430616,1785995256.3356318,105,4,San Jose Marriott,stop
60000423,1,completed,,1785995254.4434285,1785995254.4434335,1785995256.3922403,98,4,Stanford University,stop
60000424,1,completed,,1785995254.4437933,1785995254.4438,1785995256.3840137,95,4,San Jose State,stop
60000425,1,completed,,1785995254.444211,1785995254.4442134,1785995256.3515708,97,4,San Jose Marriott,stop
60000426,1,completed,,1785995254.4445727,1785995254.4445753,1785995256.3277514,95,4,Stanford University,stop
60000427,1,completed,,1785995254.444938,1785995254.4449406,1785995256.3199291,98,4,Santa Clara Marriott,stop
60000430,1,completed,,1785995254.4452987,1785995254.4453013,1785995256.5635755,95,4,Stanford University,stop
60000431,1,completed,,1785995254.44566,1785995254.4456627,1785995256.281608,98,4,Santa Clara Marriott,stop
60000432,1,completed,,1785995254.4460192,1785995254.4460216,1785995257.9722745,238,10,"June 4, 2014",stop
60000436,1,completed,,1785995254.4466295,1785995254.4466324,1785995257.1971784,231,5,Vince Lombardi,stop
60000438,1,completed,,1785995254.448076,1785995254.4480853,1785995255.156339,243,2,LI,stop
60000441,1,completed,,1785995254.448749,1785995254.4487538,1785995257.9588544,239,10,"June 4, 2014",stop
60000442,1,completed,,1785995254.4492345,1785995254.4492383,1785995257.1772668,234,5,Arabic numerals,stop
60000447,1,completed,,1785995254.449744,1785995254.449747,1785995255.2155912,235,2,LI,stop
60000448,1,completed,,1785995254.4501731,1785995254.450176,1785995255.1987617,184,2,Gold,stop
60000450,1,completed,,1785995254.4505684,1785995254.450571,1785995257.310989,180,5,50-yard line,stop
60000454,1,completed,,1785995254.45095,1785995254.4509528,1785995256.4688187,190,4,Gold footballs,stop
60000455,1,completed,,1785995254.451335,1785995254.4513376,1785995257.1575344,184,5,50-yard line,stop
60000457,1,completed,,1785995254.4517174,1785995254.45172,1785995256.400526,196,4,Moscone Center,stop
60000458,1,completed,,1785995254.4521024,1785995254.452105,1785995255.3926916,196,3,San Francisco,stop
60000460,1,completed,,1785995254.4524808,1785995254.4524853,1785995255.2962534,195,3,Jane Kim,stop
60000461,1,completed,,1785995254.4528704,1785995254.452873,1785995257.4194832,196,5,January 30,stop
60000462,1,completed,,1785995254.4533067,1785995254.4533093,1785995255.3762007,217,3,1 million,stop
60000468,1,completed,,1785995254.4536984,1785995254.4537008,1785995255.4389968,194,3,Ed Lee,stop
60000471,1,completed,,1785995254.4540827,1785995254.4540856,1785995257.56839,198,6,San Francisco mayor Ed Lee,stop
60000472,1,completed,,1785995254.4544604,1785995254.454463,1785995256.5451348,200,4,$5 million,stop
60000473,1,completed,,1785995254.4548457,1785995254.4548483,1785995256.3758364,194,4,The NFL Experience,stop
60000474,1,completed,,1785995254.4552217,1785995254.4552243,1785995256.2662117,160,4,Santa Clara University,stop
60000479,1,completed,,1785995254.4556286,1785995254.455631,1785995255.3816464,166,3,city council,stop
60000480,1,completed,,1785995254.4560137,1785995254.4560182,1785995257.8403752,168,8,Bellomy Field at Santa Clara University,stop
60000481,1,completed,,1785995254.4564078,1785995254.4564106,1785995256.236966,163,4,A professional fundraiser,stop
60000483,1,completed,,1785995254.4568114,1785995254.456814,1785995256.5360138,167,4,$2 million,stop
60000486,1,completed,,1785995254.4572797,1785995254.4572823,1785995255.1774764,150,2,Tuesday,stop
60000488,1,completed,,1785995254.4576762,1785995254.457681,1785995255.3395991,145,3,San Jose,stop
60000490,1,completed,,1785995254.4580688,1785995254.4580712,1785995255.186285,158,2,Tuesday,stop
60000492,1,completed,,1785995254.458465,1785995254.4584675,1785995257.0807319,153,5,Super Bowl Opening Night,stop
60000495,1,completed,,1785995254.4588535,1785995254.4588559,1785995257.7764018,147,7,Tuesday afternoon prior to the game,stop
60000496,1,completed,,1785995254.4592407,1785995254.4592433,1785995257.2376647,147,5,Super Bowl Opening Night,stop
60000498,1,completed,,1785995254.4596338,1785995254.4596386,1785995256.222684,146,4,Golden Gate Bridge,stop
60000499,1,completed,,1785995254.460021,1785995254.7835376,1785995256.5269318,150,3,Monday evening,stop
60000500,1,completed,,1785995254.460038,1785995254.7860057,1785995257.5801759,149,5,Super Bowl Opening Night,stop
60000501,1,completed,,1785995254.460045,1785995254.786819,1785995257.8533325,152,7,SAP Center in San Jose,stop
60000502,1,completed,,1785995254.4600492,1785995254.7876148,1785995257.375468,151,4,Golden Gate Bridge,stop
60000503,1,completed,,1785995254.4600523,1785995254.7883716,1785995257.9857712,146,10,"February 1, 2016",stop
60000506,1,completed,,1785995254.4600558,1785995254.8342223,1785995257.4871237,148,5,Dignity Health,stop
60000507,1,completed,,1785995254.460063,1785995254.8349302,1785995256.4342394,148,2,Gap,stop
60000508,1,completed,,1785995254.460066,1785995254.843815,1785995256.4257267,148,3,Chevron,stop
60000509,1,completed,,1785995254.460069,1785995254.8450797,1785995257.9454837,171,8,Super Bowl 50 Host Committee,stop
60000513,1,completed,,1785995254.4600713,1785995254.8463213,1785995257.5566132,157,3,Business Connect,stop
60000514,1,completed,,1785995254.4600766,1785995254.847546,1785995257.7012796,153,5,$40 million,stop
60000516,1,completed,,1785995254.4600813,1785995254.8487804,1785995257.6279998,137,4,50 fund,stop
60000517,1,completed,,1785995254.4600842,1785995254.8499944,1785995260.6488757,142,4,25%,stop
60000518,1,completed,,1785995254.460087,1785995254.8512006,1785995257.6039863,142,4,50 fund,stop
60000519,1,completed,,1785995254.4600897,1785995254.8524091,1785995257.8925445,142,7,the most giving Super Bowl ever,stop
60000520,1,completed,,1785995254.4600945,1785995254.8536084,1785995257.7511704,136,4,25percent,stop
60000522,1,completed,,1785995254.4600973,1785995254.8548064,1785995257.5449188,141,4,25%,stop
60000524,1,completed,,1785995254.4601,1785995254.8560128,1785995257.6766381,153,5,Vince Lombardi,stop
60000525,1,completed,,1785995254.4601023,1785995254.8572133,1785995257.1283927,161,3,18,stop
60000526,1,completed,,1785995254.460105,1785995254.9170785,1785995257.6643999,157,4,66 lb,stop
60000528,1,completed,,1785995254.4601078,1785995254.9186707,1785995261.0437362,148,6,Tiffany & Co.,stop
60000529,1,completed,,1785995254.4601104,1785995254.9201996,1785995257.9189067,161,6,Vince Lombardi Trophy,stop
60000539,1,completed,,1785995254.460113,1785995254.9217048,1785995257.1477644,223,2,3,stop
60000540,1,completed,,1785995254.4601157,1785995254.9232056,1785995266.3438532,218,3,sidelines,stop
60000541,1,completed,,1785995254.4601185,1785995254.9247026,1785995257.9993079,219,6,360-degree view,stop
60000542,1,completed,,1785995254.4601212,1785995254.9261956,1785995257.498564,213,3,5K,stop
60000543,1,completed,,1785995254.4601235,1785995254.9276934,1785995259.5599875,214,3,sidelines,stop
60000544,1,completed,,1785995254.4601264,1785995254.929198,1785995259.3521628,210,2,CBS,stop
60000545,1,completed,,1785995254.4601293,1785995254.9306915,1785995261.4936798,212,2,3,stop
60000546,1,completed,,1785995254.460132,1785995254.932178,1785995266.2575812,211,2,CBS,stop
60000548,1,completed,,1785995254.4601347,1785995254.9336665,1785995257.9056916,214,5,Evan Washburn,stop
60000551,1,completed,,1785995254.460192,1785995254.9351518,1785995261.007967,232,5,ESPN Deportes,stop
60000556,1,completed,,1785995254.4601948,1785995254.9366515,1785995260.7401974,237,5,ESPN Deportes,stop
60000557,1,completed,,1785995254.4601998,1785995254.9381363,1785995260.9186044,241,5,ESPN Deportes,stop
60000562,1,completed,,1785995254.4602025,1785995254.9396303,1785995259.2676554,148,4,NFL Mobile service,stop
60000563,1,completed,,1785995254.4602053,1785995254.9411092,1785995260.775099,145,3,WatchESPN,stop
60000568,1,completed,,1785995254.4602077,1785995255.0381737,1785995261.9541092,143,4,Xbox One,stop
60000569,1,completed,,1785995254.46021,1785995255.0407808,1785995259.7671642,148,5,Verizon Wireless customers,stop
60000570,1,completed,,1785995254.4602127,1785995255.0433352,1785995260.5291195,146,3,NFL Mobile,stop
60000572,1,completed,,1785995254.4602172,1785995255.0458713,1785995259.8225703,150,4,NFL Mobile service,stop
60000573,1,completed,,1785995254.4602199,1785995255.0483956,1785995260.6289723,154,3,digital streams,stop
60000574,1,completed,,1785995254.4602225,1785995255.050909,1785995260.4923177,149,4,Verizon Wireless,stop
60000575,1,completed,,1785995254.4602253,1785995255.0534158,1785995260.536133,149,3,WatchESPN,stop
60000577,1,completed,,1785995254.4602277,1785995255.0559192,1785995260.1920729,135,9,The Late Late Show with James Corden,stop
60000579,1,completed,,1785995254.4602304,1785995255.058419,1785995260.9045575,146,9,The Late Late Show with James Corden,stop
60000582,1,completed,,1785995254.460233,1785995255.0609162,1785995260.9011564,138,9,The Late Late Show with James Corden,stop
60000585,1,completed,,1785995254.4602354,1785995255.063416,1785995260.3396804,274,4,Doritos,stop
60000586,1,completed,,1785995254.460238,1785995255.0659266,1785995260.1835315,274,3,20,stop
60000589,1,completed,,1785995254.4602406,1785995255.0684526,1785995260.2674394,287,4,Doritos,stop
60000592,1,completed,,1785995254.4602432,1785995255.0709653,1785995261.306537,275,9,Anheuser-Busch InBev,stop
60000596,1,completed,,1785995254.4602458,1785995255.0734982,1785995261.2953088,273,6,Crash the Super Bowl,stop
60000597,1,completed,,1785995254.4602501,1785995255.076008,1785995261.2221484,117,5,Small Business Big Game,stop
60000598,1,completed,,1785995254.4602528,1785995255.0785072,1785995260.356784,118,4,Death Wish Coffee,stop
60000599,1,completed,,1785995254.4602573,1785995255.0813744,1785995260.8977804,114,4,30 seconds,stop
60000601,1,completed,,1785995254.4602604,1785995255.0839682,1785995260.8879929,124,4,Death Wish Coffee,stop
60000602,1,completed,,1785995254.460263,1785995255.0865152,1785995262.4953113,124,2,9,stop
60000606,1,completed,,1785995254.4602652,1785995255.0890455,1785995260.349329,118,3,QuickBooks,stop
60000607,1,completed,,1785995254.4602678,1785995255.0915744,1785995260.3402164,118,4,Death Wish Coffee,stop
60000608,1,completed,,1785995254.4602723,1785995255.094104,1785995260.6276188,183,6,The Secret Life of Pets,stop
60000609,1,completed,,1785995254.460275,1785995255.0966287,1785995261.3846455,185,5,Gods of Egypt,stop
60000610,1,completed,,1785995254.4602776,1785995255.0991414,1785995260.5370483,192,13,Teenage Mutant Ninja Turtles: Out of the Shadows,stop
60000611,1,completed,,1785995254.4602804,1785995255.1016717,1785995261.2421181,192,3,Resurgence,stop
60000612,1,completed,,1785995254.4602852,1785995255.549412,1785995259.966503,190,5,Gods of Egypt,stop
60000614,1,completed,,1785995254.4602876,1785995255.5564685,1785995260.4898279,188,4,Jason Bourne,stop
60000619,1,completed,,1785995254.46029,1785995255.5634823,1785995260.9258761,119,4,Westwood One,stop
60000620,1,completed,,1785995254.4602926,1785995255.57046,1785995260.5783043,121,4,Kevin Harlan,stop
60000621,1,completed,,1785995254.460295,1785995255.5774474,1785995260.7663085,121,3,Jim Gray,stop
60000622,1,completed,,1785995254.4602993,1785995255.5845008,1785995260.2077923,128,6,Boomer Esiason,stop
60000624,1,completed,,1785995254.4603019,1785995255.5914683,1785995260.465145,124,2,2,stop
60000626,1,completed,,1785995254.4603064,1785995255.5984397,1785995266.1921232,122,4,Westwood One,stop
60000627,1,completed,,1785995254.460309,1785995255.6054113,1785995260.2248983,123,4,Kevin Harlan,stop
60000628,1,completed,,1785995254.4603117,1785995255.6124558,1785995263.548636,117,3,Jim Gray,stop
60000630,1,completed,,1785995254.4603138,1785995255.6194189,1785995262.316192,120,10,Boomer Esiason and Dan Fouts,stop
60000633,1,completed,,1785995254.4603164,1785995255.6264353,1785995261.20772,121,3,North America,stop
60000634,1,completed,,1785995254.460321,1785995255.633393,1785995271.9443638,283,3,KRFX,stop
60000635,1,completed,,1785995254.4603233,1785995255.6403556,1785995260.5344412,275,3,Dave Logan,stop
60000636,1,completed,,1785995254.460326,1785995255.647339,1785995260.3661153,278,6,1110 AM,stop
60000637,1,completed,,1785995254.4603283,1785995255.6543067,1785995266.1372576,274,3,Chester,stop
60000639,1,completed,,1785995254.460331,1785995255.6618884,1785995261.1755228,276,3,Dave Logan,stop
60000642,1,completed,,1785995254.4603333,1785995255.6689742,1785995260.9150321,274,5,Mick Mixon,stop
60000646,1,completed,,1785995254.460336,1785995255.6760018,1785995260.750093,113,5,5 Live Sports Extra,stop
60000649,1,completed,,1785995254.4603384,1785995255.6830397,1785995260.339937,112,3,Greg Brady,stop
60000650,1,completed,,1785995254.460341,1785995255.6900742,1785995260.3554022,187,4,Bart Starr,stop
60000651,1,completed,,1785995254.4603434,1785995255.6970906,1785995260.4662123,185,4,Chuck Howley,stop
60000652,1,completed,,1785995254.4603455,1785995255.704112,1785995261.2270503,188,5,Peyton Manning,stop
60000655,1,completed,,1785995254.4603484,1785995255.711118,1785995261.039557,192,3,39,stop
60000657,1,completed,,1785995254.460351,1785995255.7181633,1785995260.6262927,185,4,Harvey Martin,stop
60000658,1,completed,,1785995254.4603553,1785995255.7251873,1785995260.5851092,192,3,43,stop
60000659,1,completed,,1785995254.460358,1785995255.7321997,1785995260.354986,190,3,39,stop
60000660,1,completed,,1785995254.4603608,1785995255.7392335,1785995260.3562903,186,4,Bart Starr,stop
60000663,1,completed,,1785995254.460363,1785995255.7462475,1785995260.5826483,96,2,Six,stop
60000667,1,completed,,1785995254.4603655,1785995255.7532625,1785995261.19366,100,8,American Sign Language (ASL),stop
60000670,1,completed,,1785995254.4603682,1785995255.7602854,1785995260.6397486,99,3,Lady Gaga,stop
60000671,1,completed,,1785995254.4603708,1785995255.7672892,1785995260.6348495,104,5,Marlee Matlin,stop
60000677,1,completed,,1785995254.4603734,1785995255.774317,1785995260.6333134,189,6,Super Bowl XLVII,stop
60000678,1,completed,,1785995254.4603803,1785995255.781342,1785995260.4658184,193,8,"""Hymn for the Weekend""",stop
60000682,1,completed,,1785995254.460385,1785995255.788467,1785995261.903556,197,8,"""Hymn for the Weekend""",stop
60000686,1,completed,,1785995254.4603882,1785995255.7955294,1785995260.5793216,199,4,Mark Ronson,stop
60000687,1,completed,,1785995254.4603906,1785995255.802579,1785995260.784299,214,2,Denver,stop
60000689,1,completed,,1785995254.460393,1785995255.8096309,1785995260.7475548,220,5,Ronnie Hillman,stop
60000690,1,completed,,1785995254.4603956,1785995255.8166788,1785995260.7378423,215,5,Brandon McManus,stop
60000691,1,completed,,1785995254.4603982,1785995255.8237698,1785995261.0479424,221,6,C. J. Anderson,stop
60000693,1,completed,,1785995254.4604003,1785995255.8308208,1785995260.532941,219,4,Shaq Thompson,stop
60000697,1,completed,,1785995254.460403,1785995255.837847,1785995260.7607262,224,4,Owen Daniels,stop
60000698,1,completed,,1785995254.4604056,1785995255.8448763,1785995260.646955,222,6,C. J. Anderson,stop
60000699,1,completed,,1785995254.4604106,1785995255.851904,1785995260.49118,215,5,Brandon McManus,stop
60000702,1,completed,,1785995254.4604132,1785995255.8589244,1785995260.531022,225,4,Cam Newton's,stop
60000703,1,completed,,1785995254.4604177,1785995255.8659647,1785995260.5304818,226,4,Von Miller,stop
60000704,1,completed,,1785995254.4604225,1785995255.8730237,1785995260.5838578,223,4,Malik Jackson,stop
60000706,1,completed,,1785995254.460425,1785995255.8800719,1785995262.1034336,225,7,Jerricho Cotchery,stop
60000709,1,completed,,1785995254.4604275,1785995255.8870907,1785995261.247215,229,4,Malik Jackson,stop
60000712,1,completed,,1785995254.4604301,1785995255.8941143,1785995260.6380682,221,4,Von Miller,stop
60000713,1,completed,,1785995254.4604325,1785995255.9011548,1785995260.6432397,225,4,Malik Jackson,stop
60000716,1,completed,,1785995254.460435,1785995255.9082036,1785995260.6364372,272,3,Not provided,stop
60000717,1,completed,,1785995254.4604375,1785995255.9153376,1785995260.64147,276,3,28,stop
60000720,1,completed,,1785995254.4604402,1785995255.9223866,1785995260.7332823,281,3,51,stop
60000723,1,completed,,1785995254.460445,1785995255.9294035,1785995261.318426,285,4,Jordan Norwood,stop
60000724,1,completed,,1785995254.4604475,1785995255.9364574,1785995260.752674,287,3,33,stop
60000725,1,completed,,1785995254.46045,1785995255.943557,1785995260.7267702,272,3,Jonathan Stewart,stop
60000729,1,completed,,1785995254.4604526,1785995255.9505825,1785995261.0234149,211,5,Kony Ealy,stop
60000730,1,completed,,1785995254.4604552,1785995255.9575977,1785995261.0354354,208,4,DeMarcus Ware,stop
60000736,1,completed,,1785995254.4604578,1785995255.9646251,1785995261.3784034,212,4,Mike Tolbert,stop
60000737,1,completed,,1785995254.46046,1785995255.9716523,1785995260.9115005,206,4,Danny Trevathan,stop
60000741,1,completed,,1785995254.4604652,1785995255.978699,1785995261.2788193,284,6,Ted Ginn Jr.,stop
60000742,1,completed,,1785995254.4604695,1785995255.9857357,1785995261.2680705,276,5,Graham Gano,stop
60000745,1,completed,,1785995254.4604738,1785995255.992758,1785995261.2897744,279,6,T. J. Ward,stop
60000746,1,completed,,1785995254.4604764,1785995255.999789,1785995261.4297159,287,6,Ted Ginn Jr.,stop
60000747,1,completed,,1785995254.460479,1785995256.0068188,1785995261.2124844,282,4,the uprights,stop
60000750,1,completed,,1785995254.4604816,1785995256.0138848,1785995261.8756127,286,6,Ted Ginn Jr.,stop
60000752,1,completed,,1785995254.460484,1785995256.0209143,1785995261.403717,278,5,Graham Gano,stop
60000753,1,completed,,1785995254.4604867,1785995256.0279365,1785995261.330071,281,4,Emmanuel Sanders,stop
60000756,1,completed,,1785995254.460489,1785995256.0350616,1785995262.006914,194,6,Devin Funchess,stop
60000758,1,completed,,1785995254.4604914,1785995256.0421138,1785995262.038178,199,5,41-yard line,stop
60000760,1,completed,,1785995254.460494,1785995256.0491533,1785995261.9321787,188,5,50-yard line,stop
60000761,1,completed,,1785995254.4604967,1785995256.0561812,1785995261.2842917,191,3,punts,stop
60000762,1,completed,,1785995254.4604993,1785995256.063193,1785995261.0565174,208,3,Ealy,stop
60000763,1,completed,,1785995254.4605014,1785995256.070212,1785995262.1711333,199,5,41-yard line,stop
60000765,1,completed,,1785995254.460504,1785995256.0772274,1785995260.742604,210,2,3,stop
60000769,1,completed,,1785995254.4605086,1785995256.0842633,1785995261.96896,280,3,Ward,stop
60000772,1,completed,,1785995254.4605112,1785995256.0912807,1785995260.8912108,275,3,Ward,stop
60000778,1,completed,,1785995254.4605136,1785995256.098759,1785995262.0224576,289,3,Ward,stop
60000779,1,completed,,1785995254.460518,1785995256.1059465,1785995261.3418727,287,2,3,stop
60000781,1,completed,,1785995254.4605205,1785995256.1130373,1785995261.3538792,347,2,5,stop
60000782,1,completed,,1785995254.460523,1785995256.1200914,1785995260.7811894,345,2,0,stop
60000783,1,completed,,1785995254.4605255,1785995256.1271257,1785995261.3599293,348,2,4,stop
60000784,1,completed,,1785995254.460528,1785995256.1342154,1785995266.7199411,350,3,Thomas Davis,stop
60000785,1,completed,,1785995254.4605305,1785995256.1412623,1785995263.6331766,343,2,1,stop
60000786,1,completed,,1785995254.4605327,1785995256.1483023,1785995261.3242023,348,2,one,stop
60000788,1,completed,,1785995254.4605355,1785995256.6021278,1785995263.3659976,344,2,Anderson,stop
60000789,1,completed,,1785995254.4605381,1785995256.6116574,1785995260.2462144,343,2,Sanders,stop
60000791,1,completed,,1785995254.4605408,1785995256.6211073,1785995260.5295324,356,2,Sanders,stop
60000793,1,completed,,1785995254.460543,1785995256.6305282,1785995271.8589618,357,2,4,stop
60000795,1,completed,,1785995254.4605474,1785995256.639942,1785995260.4902346,350,2,4,stop
60000796,1,completed,,1785995254.46055,1785995256.6514673,1785995260.1782155,397,4,315,stop
60000797,1,completed,,1785995254.4605525,1785995256.6609728,1785995260.1711152,397,3,11,stop
60000800,1,completed,,1785995254.460555,1785995256.670431,1785995266.1917813,403,3,Manning,stop
60000801,1,completed,,1785995254.4605575,1785995256.6798835,1785995260.4917297,402,4,194,stop
60000802,1,completed,,1785995254.4605598,1785995256.6893137,1785995260.3489637,403,3,11,stop
60000805,1,completed,,1785995254.4605627,1785995256.6987586,1785995260.6508424,404,3,11,stop
60000807,1,failed,ReadError: ,1785995254.4605806,1785995256.7111,1785995260.2072282,0,0,,
60000808,1,completed,,1785995254.4605832,1785995256.720625,1785995260.7691777,403,3,Chicago Bears,stop
60000809,1,completed,,1785995254.4605858,1785995256.7301233,1785995260.5299852,400,2,2,stop
60000812,1,completed,,1785995254.4605885,1785995256.7396615,1785995260.424167,196,10,Maria Skłodowska-Curie,stop
60000813,1,failed,ReadError: ,1785995254.4605913,1785995256.7491498,1785995260.212516,0,0,,
60000814,1,completed,,1785995254.460594,1785995256.7586038,1785995260.5352602,198,4,seven months old,stop
60000815,1,completed,,1785995254.4605968,1785995256.768086,1785995260.5814981,454,4,100,stop
60000816,1,completed,,1785995254.4605992,1785995256.7775729,1785995260.929594,452,6,Krasiński Palace Garden,stop
60000819,1,completed,,1785995254.4606018,1785995256.7870939,1785995260.778126,451,6,Łazienki Park,stop
60000820,1,completed,,1785995254.4606047,1785995256.7966259,1785995261.2370298,223,4,15 kilometres,stop
60000821,1,completed,,1785995254.4606073,1785995256.806162,1785995260.7289088,219,6,"otter, beaver",stop
60000823,1,completed,,1785995254.4606094,1785995256.8156302,1785995260.4654644,215,3,several,stop
60000824,1,completed,,1785995254.4606123,1785995256.825106,1785995261.2029831,219,9,to clean them of plants and sediments,stop
60000825,1,completed,,1785995254.4606147,1785995256.8345506,1785995260.7450547,258,2,city,stop
60000826,1,completed,,1785995254.4606175,1785995256.8440254,1785995260.9222205,263,8,"833,500",stop
60000829,1,completed,,1785995254.46062,1785995256.8535047,1785995261.939444,259,6,internal migration and urbanisation,stop
60000831,1,completed,,1785995254.4606228,1785995256.8629727,1785995260.7553139,234,6,"2,000",stop
60000832,1,completed,,1785995254.4606256,1785995256.8724217,1785995260.8944743,232,5,Medical University of Warsaw,stop
60000834,1,completed,,1785995254.4606283,1785995256.8819833,1785995261.2320251,234,11,Fryderyk Chopin University of Music,stop
60000836,1,completed,,1785995254.4606311,1785995256.8914645,1785995260.5322614,231,5,over two million items,stop
60000838,1,completed,,1785995254.4606338,1785995256.9009068,1785995260.735542,230,7,Irena Bajerska,stop
60000839,1,completed,,1785995254.4606423,1785995256.9103804,1785995261.2172892,231,9,"10,000 m2",stop
60000840,1,completed,,1785995254.460645,1785995256.919861,1785995260.5803907,175,3,infrastructure,stop
60000844,1,completed,,1785995254.4606473,1785995256.9293365,1785995260.355833,203,3,Warsaw,stop
60000845,1,completed,,1785995254.46065,1785995256.9387884,1785995261.9249616,199,10,Children's Memorial Health Institute (CMHI),stop
60000846,1,completed,,1785995254.4606526,1785995256.9482582,1785995262.4525635,203,15,The Maria Skłodowska-Curie Institute of Oncology,stop
60000851,1,completed,,1785995254.4606552,1785995256.9577193,1785995261.9615057,186,7,Palace of Culture and Science,stop
60000852,1,completed,,1785995254.4606576,1785995256.9672081,1785995260.7310727,189,3,Warsaw,stop
60000853,1,completed,,1785995254.4606602,1785995256.9766881,1785995260.6528583,194,2,events,stop
60000854,1,completed,,1785995254.4606628,1785995256.9861517,1785995261.1890647,202,6,Ogród Saski,stop
60000859,1,completed,,1785995254.4606674,1785995256.9956367,1785995260.6318214,232,4,Wianki,stop
60000860,1,completed,,1785995254.46067,1785995257.0050824,1785995260.443873,242,2,Thousands,stop
60000862,1,completed,,1785995254.4606721,1785995257.0145483,1785995261.1983,242,10,"when they would be married, and to whom",stop
60000868,1,completed,,1785995254.4606748,1785995257.0240011,1785995260.489459,179,2,arms,stop
60000872,1,completed,,1785995254.4606776,1785995257.0334382,1785995260.9080107,178,5,Museum of Independence,stop
60000874,1,completed,,1785995254.4606802,1785995257.0428886,1785995261.9106495,175,8,Royal Ujazdów Castle,stop
60000875,1,completed,,1785995254.4606829,1785995258.0688963,1785995260.763498,176,4,500,stop
60000878,1,completed,,1785995254.4606855,1785995258.082887,1785995261.0608788,173,5,last weekend of September,stop
60000881,1,completed,,1785995254.460688,1785995258.0968077,1785995261.0117755,201,3,twice,stop
60000885,1,completed,,1785995254.4606907,1785995258.1107178,1785995260.6303735,205,3,mermaid,stop
60000888,1,completed,,1785995254.4606936,1785995258.124618,1785995260.772143,214,3,a sword,stop
60000891,1,completed,,1785995254.460696,1785995258.1384947,1785995262.030303,209,9,at the entrance to the port of Copenhagen,stop
60000892,1,completed,,1785995254.460701,1785995258.1523802,1785995261.031373,206,4,Warszowa,stop
60000893,1,completed,,1785995254.4607034,1785995258.1662607,1785995261.366067,203,4,captured her,stop
60000894,1,completed,,1785995254.460706,1785995258.1801271,1785995260.7579963,227,3,Warsaw,stop
60000899,1,completed,,1785995254.4607086,1785995258.193994,1785995261.257547,288,5,The Economist Intelligence Unit,stop
60000905,1,completed,,1785995254.4607115,1785995258.2078884,1785995261.0194929,437,4,Kraków,stop
60000908,1,completed,,1785995254.4607635,1785995258.2217758,1785995263.2691748,435,16,"because it has survived many wars, conflicts and invasions throughout its long history",stop
60000909,1,completed,,1785995254.4607663,1785995258.2356825,1785995261.0273714,250,3,Roman Catholic,stop
60000910,1,completed,,1785995254.4607687,1785995258.2495549,1785995261.3909822,253,6,Polish Academy of Sciences,stop
60000912,1,completed,,1785995254.4607735,1785995258.263426,1785995261.3126845,257,5,architectural attraction,stop
60000915,1,completed,,1785995254.460778,1785995258.277376,1785995262.4028606,295,11,"meaning to ""belonging to Warsz""",stop
60000916,1,completed,,1785995254.4607806,1785995258.2917368,1785995262.4226112,291,11,12th/13th-century nobleman,stop
60000917,1,completed,,1785995254.460783,1785995258.3059192,1785995261.1799812,292,3,a village,stop
60000919,1,completed,,1785995254.4607856,1785995258.319892,1785995261.4430037,266,5,Jazdów,stop
60000921,1,completed,,1785995254.4607885,1785995258.3337939,1785995262.1885202,258,7,about 1300,stop
60000923,1,completed,,1785995254.460791,1785995258.347669,1785995261.8964972,264,5,1526,stop
60000925,1,completed,,1785995254.460794,1785995258.3615472,1785995261.1710832,259,5,1569,stop
60000927,1,completed,,1785995254.4607964,1785995258.375548,1785995263.310385,256,23,King Sigismund III Vasa moved his court from Kraków to Warsaw in 1596.,stop
60000928,1,completed,,1785995254.4607992,1785995258.3894234,1785995262.070667,262,5,1596,stop
60000929,1,completed,,1785995254.4608016,1785995258.4033363,1785995262.2328742,186,5,179 years,stop
60000930,1,completed,,1785995254.460804,1785995258.4172323,1785995262.2149656,183,6,Kingdom of Prussia,stop
60000931,1,completed,,1785995254.4608066,1785995258.4311368,1785995261.3478336,183,6,Napoleon's army,stop
60000934,1,completed,,1785995254.4608092,1785995258.4450166,1785995266.700709,219,7,"3 years, 3 months",stop
60000937,1,completed,,1785995254.460814,1785995258.4588943,1785995262.0951684,221,5,1920,stop
60000938,1,completed,,1785995254.4608166,1785995258.4727507,1785995261.4101424,220,3,Red Army,stop
60000939,1,completed,,1785995254.4608192,1785995258.4866557,1785995262.3639042,251,8,1 September 1939,stop
60000940,1,completed,,1785995254.4608214,1785995258.5005393,1785995261.4497206,256,3,German Nazi,stop
60000942,1,completed,,1785995254.4608243,1785995258.5144255,1785995262.1625216,250,9,19 April 1943,stop
60000944,1,completed,,1785995254.460827,1785995258.5283146,1785995261.9467552,254,3,Red Army,stop
60000948,1,completed,,1785995254.4608295,1785995258.5422146,1785995263.3000298,246,19,"between 150,000 and 200,000",stop
60000949,1,completed,,1785995254.460832,1785995258.5562277,1785995261.300888,196,5,Bricks for Warsaw,stop
60000950,1,completed,,1785995254.4608343,1785995258.570104,1785995262.1117299,204,6,large prefabricated housing,stop
60000951,1,completed,,1785995254.460837,1785995258.5840323,1785995262.062586,197,4,Eastern Bloc city,stop
60000952,1,completed,,1785995254.4608395,1785995258.5979316,1785995262.4325545,196,7,Palace of Culture and Science,stop
60000954,1,completed,,1785995254.460842,1785995258.611809,1785995261.9764493,182,4,John Paul II,stop
60000955,1,completed,,1785995254.4608467,1785995258.625676,1785995262.3735657,195,6,anti-communist fervor,stop
60000956,1,completed,,1785995254.4608495,1785995258.6395438,1785995262.1798003,190,5,less than a year,stop
60000957,1,completed,,1785995254.4608543,1785995258.6534238,1785995262.0465195,184,4,Victory Square,stop
60000958,1,completed,,1785995254.460857,1785995258.6673157,1785995262.3351843,192,7,the incentive for the democratic changes,stop
60000960,1,completed,,1785995254.460859,1785995258.6812046,1785995261.8895001,354,5,160 mi,stop
60000961,1,completed,,1785995254.4608614,1785995258.695099,1785995262.0787847,352,5,Vistula River,stop
60000963,1,completed,,1785995254.460864,1785995258.7090034,1785995263.4496822,354,36,"at a height 75.6 metres (248.0 ft) (at the right bank of the Vistula, by the eastern border of Warsaw)",stop
60000965,1,completed,,1785995254.4608665,1785995258.722893,1785995261.4730353,282,5,Vistula Valley,stop
60000971,1,completed,,1785995254.460869,1785995258.7367823,1785995262.3063943,253,7,valleys and ground depressions,stop
60000973,1,completed,,1785995254.4608734,1785995258.7506607,1785995261.9915788,257,3,pine forest,stop
60000974,1,completed,,1785995254.4608765,1785995258.7645488,1785995262.462641,195,9,the turbulent history of the city and country,stop
60000975,1,completed,,1785995254.4608793,1785995258.7784715,1785995262.3256946,198,7,During the Second World War.,stop
60000978,1,completed,,1785995254.460882,1785995258.7925901,1785995262.3832872,196,7,Eastern bloc countries' basic design,stop
60000980,1,completed,,1785995254.4608848,1785995258.8065538,1785995262.278464,311,5,14th century,stop
60000981,1,completed,,1785995254.4608893,1785995258.8205013,1785995262.0545597,316,7,Masovian gothic style,stop
60000983,1,completed,,1785995254.4608917,1785995258.8359091,1785995262.2238727,313,5,mannerist architecture,stop
60000986,1,completed,,1785995254.460894,1785995258.8499806,1785995262.1284606,380,3,rococo,stop
60000990,1,completed,,1785995254.4608967,1785995258.8639357,1785995263.2794394,219,13,not restored by the communist authorities or rebuilt in socialist realism style,stop
60000991,1,completed,,1785995254.460901,1785995258.8778503,1785995262.2877214,219,5,socialist realism style,stop
60000992,1,completed,,1785995254.4609036,1785995258.8918023,1785995262.412705,222,7,Warsaw University of Technology building,stop
60000994,1,completed,,1785995254.4609063,1785995258.9057343,1785995263.4392524,217,21,"Pawiak, the Warsaw Citadel, the statue of Little Insurgent, the Warsaw Uprising Monument",stop
60000997,1,completed,,1785995254.4609087,1785995258.9196374,1785995262.0146608,219,2,children,stop
60000999,1,completed,,1785995254.460911,1785995258.933573,1785995262.1369128,289,3,green spaces,stop
60001001,1,completed,,1785995254.460914,1785995258.9475076,1785995262.442534,283,8,Pole Mokotowskie,stop
60001005,1,completed,,1785995254.4609165,1785995258.961422,1785995262.344712,253,6,within the borders of Warsaw,stop
60001009,1,completed,,1785995254.4609194,1785995258.9753265,1785995262.3542771,280,10,"1,300,000",stop
60001010,1,completed,,1785995254.4609218,1785995258.9892564,1785995267.7575877,285,8,"420,000",stop
60001011,1,completed,,1785995254.4609265,1785995259.003181,1785995266.0871637,276,5,1951,stop
60001012,1,completed,,1785995254.460929,1785995259.0171177,1785995263.289736,284,17,that Varsovians thought of themselves as better only because they lived in the capital,stop
60001013,1,completed,,1785995254.4609315,1785995259.0311737,1785995265.1855953,281,4,residency registration,stop
60001017,1,completed,,1785995254.460938,1785995259.0451038,1785995266.4085782,250,5,2.8%,stop
60001019,1,completed,,1785995254.4609406,1785995259.0589879,1785995262.1972847,339,7,commune (gmina),stop
60001020,1,completed,,1785995254.4609468,1785995259.072904,1785995263.971735,339,4,powiats,stop
60001022,1,completed,,1785995254.4609494,1785995259.0868104,1785995261.9177876,176,5,Warsaw City Council,stop
60001024,1,completed,,1785995254.4609518,1785995259.1007543,1785995266.6825478,175,4,every four years,stop
60001025,1,completed,,1785995254.4609544,1785995259.114655,1785995263.950927,175,3,committees,stop
60001026,1,completed,,1785995254.4609566,1785995259.1285658,1785995261.372214,180,3,30,stop
60001028,1,completed,,1785995254.4609592,1785995259.1424825,1785995266.7279215,254,6,Jan Andrzej Menich,stop
60001031,1,completed,,1785995254.4609616,1785995259.156409,1785995264.4223778,267,3,Centrum,stop
60001033,1,completed,,1785995254.4609642,1785995259.1703153,1785995262.526193,415,8,"304,016",stop
60001034,1,completed,,1785995254.4609666,1785995259.184224,1785995261.8825407,412,4,Emerging market,stop
60001035,1,completed,,1785995254.4609692,1785995259.1981628,1785995261.4363298,412,4,12%,stop
60001037,1,completed,,1785995254.4609718,1785995259.212131,1785995266.4219213,219,5,1817,stop
60001041,1,completed,,1785995254.4609745,1785995259.226068,1785995267.8393102,227,12,Polish United Workers' Party (PZPR),stop
60001044,1,completed,,1785995254.4609768,1785995259.2399797,1785995272.0436976,268,4,Daewoo,stop
60001046,1,completed,,1785995254.4609792,1785995259.29662,1785995260.288802,271,5,Chevrolet Aveo,stop
60001050,1,completed,,1785995254.4609818,1785995259.3939476,1785995260.2367454,238,7,2.666 million,stop
60001051,1,completed,,1785995254.4609842,1785995259.615431,1785995260.4906843,240,3,9th,stop
60001052,1,completed,,1785995254.4609869,1785995259.8366115,1785995260.5336683,236,3,Warsaw,stop
60001053,1,completed,,1785995254.4609892,1785995259.891138,1785995260.5773244,235,5,Vistula River,stop
60001059,1,completed,,1785995254.4609935,1785995260.0300775,1785995272.1762807,230,7,"Denmark, Iceland, Norway",stop
60001060,1,completed,,1785995254.460998,1785995260.175592,1785995260.5864036,228,3,Rollo,stop
60001061,1,completed,,1785995254.4610004,1785995260.1823466,1785995261.2734392,234,4,10th,stop
60001062,1,completed,,1785995254.461003,1785995260.1872406,1785995261.423142,354,6,William the Conqueror,stop
60001063,1,completed,,1785995254.4610054,1785995260.1949453,1785995260.654914,354,6,Richard I of Normandy,stop
60001066,1,completed,,1785995254.461008,1785995260.2097304,1785995261.0156152,161,4,9th century,stop
60001069,1,completed,,1785995254.4610105,1785995260.2105598,1785995261.252368,268,3,Epte,stop
60001070,1,completed,,1785995254.461013,1785995260.214671,1785995260.6450686,220,3,Rollo,stop
60001071,1,completed,,1785995254.4610171,1785995260.2263799,1785995260.466655,166,3,Christianity,stop
60001073,1,completed,,1785995254.46102,1785995260.2377555,1785995260.5316274,198,5,fighting horsemen,stop
60001074,1,completed,,1785995254.4610221,1785995260.2492101,1785995261.4166253,267,4,999,stop
60001076,1,completed,,1785995254.4610248,1785995260.2720206,1785995261.3359294,258,6,Monte Gargano,stop
60001077,1,completed,,1785995254.4610274,1785995260.29282,1785995261.1845167,273,4,Drogo,stop
60001084,1,completed,,1785995254.4610302,1785995260.3431084,1785995262.1200798,251,4,meritocratic,stop
60001085,1,completed,,1785995254.4610326,1785995260.3437092,1785995262.2060964,235,5,Seljuk Turks,stop
60001087,1,completed,,1785995254.461035,1785995260.344218,1785995262.2418883,201,6,1060s,stop
60001089,1,completed,,1785995254.4610376,1785995260.353375,1785995262.1539397,268,5,Afranji,stop
60001093,1,completed,,1785995254.46104,1785995260.3540027,1785995261.3973274,462,4,Robert Guiscard,stop
60001094,1,completed,,1785995254.4610445,1785995260.3603199,1785995262.2692556,464,7,February 1082,stop
60001096,1,completed,,1785995254.461047,1785995260.3611395,1785995261.0522103,249,4,Deabolis,stop
60001097,1,completed,,1785995254.4610496,1785995260.3618724,1785995261.9839857,241,4,Bohemond,stop
60001099,1,completed,,1785995254.461052,1785995260.3625824,1785995262.0869534,137,5,1185,stop
60001102,1,completed,,1785995254.4610546,1785995260.363292,1785995262.2970438,204,8,King Ethelred II of England,stop
60001103,1,completed,,1785995254.4610572,1785995260.3690786,1785995262.3930473,204,8,Duke Richard II of Normandy,stop
60001105,1,completed,,1785995254.4610596,1785995260.4265544,1785995262.2509632,205,7,Sweyn Forkbeard,stop
60001106,1,completed,,1785995254.4610622,1785995260.4460967,1785995262.2600822,226,5,Harthacnut,stop
60001107,1,completed,,1785995254.4610648,1785995260.46783,1785995264.9070654,219,5,1041,stop
60001113,1,completed,,1785995254.4610693,1785995260.468613,1785995265.6620514,189,3,Modern English,stop
60001116,1,completed,,1785995254.461072,1785995260.4693155,1785995261.2627804,356,3,Irish,stop
60001117,1,completed,,1785995254.4610744,1785995260.4700077,1785995261.9992168,174,5,Edgar Atheling,stop
60001119,1,completed,,1785995254.4610767,1785995260.4706814,1785995266.6933048,175,5,1072,stop
60001122,1,completed,,1785995254.4610794,1785995260.4945674,1785995265.8724937,295,3,Norman,stop
60001125,1,completed,,1785995254.4610837,1785995260.4954743,1785995272.0140367,127,5,Edward the Confessor,stop
60001128,1,completed,,1785995254.4610863,1785995260.4963202,1785995262.1454008,178,6,William of Montreuil,stop
60001130,1,completed,,1785995254.4610887,1785995260.4971607,1785995271.7008734,188,3,Tancred,stop
60001131,1,completed,,1785995254.4610915,1785995260.498003,1785995266.508339,188,5,conquest of Jerusalem,stop
60001135,1,completed,,1785995254.4610956,1785995260.49883,1785995266.1944335,211,5,1191,stop
60001136,1,completed,,1785995254.4611003,1785995260.499657,1785995272.0496914,211,6,Isaac Komnenos,stop
60001137,1,completed,,1785995254.461103,1785995260.542396,1785995264.3498971,272,7,Conrad of Montferrat,stop
60001138,1,completed,,1785995254.4611053,1785995260.5436487,1785995268.949173,274,2,silver,stop
60001139,1,completed,,1785995254.461108,1785995260.544839,1785995266.6756105,275,7,Guy de Lusignan,stop
60001142,1,completed,,1785995254.4611106,1785995260.5460024,1785995266.4024935,178,4,double coronation,stop
60001147,1,completed,,1785995254.4611127,1785995260.5471609,1785995266.1687508,122,9,Enrique Pérez de Guzmán,stop
60001148,1,completed,,1785995254.4611154,1785995260.548313,1785995264.1292799,122,7,Maciot de Bethencourt,stop
60001150,1,completed,,1785995254.461118,1785995260.5494463,1785995266.5058715,202,2,2,stop
60001151,1,completed,,1785995254.4611204,1785995260.5505848,1785995272.0296984,138,6,Romanesque idiom,stop
60001153,1,completed,,1785995254.4611228,1785995260.5517318,1785995266.0348392,127,3,Early Gothic,stop
60001154,1,completed,,1785995254.4611251,1785995260.5528767,1785995267.2271307,127,5,Anglo-Saxon,stop
60001156,1,completed,,1785995254.4611278,1785995260.5540116,1785995264.7586374,291,7,early 11th century,stop
60001162,1,completed,,1785995254.46113,1785995260.5551538,1785995265.892164,259,4,mosaics,stop
60001163,1,completed,,1785995254.4611325,1785995260.556293,1785995266.5267966,215,4,11th,stop
60001164,1,completed,,1785995254.4611351,1785995260.5923028,1785995267.9100177,214,11,William of Volpiano and John of Ravenna,stop
60001167,1,completed,,1785995254.4611378,1785995260.593858,1785995263.909226,136,4,Robert Guiscard,stop
60001168,1,completed,,1785995254.46114,1785995260.595351,1785995267.0321844,140,3,singing,stop
60001174,1,completed,,1785995254.4611447,1785995260.5968444,1785995264.0877113,136,3,Serbia,stop
60001176,1,completed,,1785995254.4611468,1785995260.5983295,1785995266.2582684,185,5,1884,stop
60001182,1,completed,,1785995254.4611495,1785995260.5998101,1785995266.7160113,180,3,Thomas Edison,stop
60001186,1,completed,,1785995254.461152,1785995260.6012783,1785995266.7885945,188,5,1893,stop
60001191,1,completed,,1785995254.4611545,1785995260.6027408,1785995266.39678,186,5,wireless controlled boat,stop
60001192,1,completed,,1785995254.4611573,1785995260.6042056,1785995270.3580298,185,7,Wardenclyffe Tower,stop
60001195,1,completed,,1785995254.4611597,1785995260.6661503,1785995267.1899767,215,4,New York hotels,stop
60001196,1,completed,,1785995254.4611623,1785995260.6685266,1785995271.796305,214,9,"archetypal ""mad scientist""",stop
60001197,1,completed,,1785995254.4611647,1785995260.6708431,1785995264.7790625,212,3,patents,stop
60001199,1,completed,,1785995254.4611673,1785995260.6731625,1785995272.149922,225,7,SI unit of magnetic flux density,stop
60001203,1,completed,,1785995254.4611702,1785995260.6754746,1785995267.0929925,205,5,Serbian Orthodox priest,stop
60001205,1,completed,,1785995254.4611745,1785995260.677777,1785995266.2597644,204,4,Đuka Tesla,stop
60001208,1,completed,,1785995254.4611773,1785995260.6800785,1785995265.521323,204,4,Đuka Tesla,stop
60001213,1,completed,,1785995254.46118,1785995260.6823921,1785995266.7659485,195,5,1862,stop
60001214,1,completed,,1785995254.4611845,1785995260.6847248,1785995271.9814787,190,3,Dane,stop
60001216,1,completed,,1785995254.461187,1785995260.6870208,1785995266.1683586,187,16,Dane was killed in a horse-riding accident when Nikola was five.,stop
60001220,1,completed,,1785995254.4611893,1785995260.689304,1785995271.8234563,171,2,German,stop
60001222,1,completed,,1785995254.461192,1785995260.691597,1785995270.831763,173,3,cheating,stop
60001223,1,completed,,1785995254.4611962,1785995260.6938846,1785995265.8444254,174,5,1873,stop
60001229,1,completed,,1785995254.4611988,1785995260.6961703,1785995265.9826865,145,4,cholera,stop
60001231,1,completed,,1785995254.4612014,1785995260.6984613,1785995266.0868092,146,9,to send him to the best engineering school,stop
60001232,1,completed,,1785995254.461204,1785995260.7007484,1785995265.8685524,144,4,enter the priesthood,stop
60001233,1,completed,,1785995254.4612083,1785995260.7030277,1785995266.3520758,145,4,Smiljan,stop
60001236,1,completed,,1785995254.461211,1785995260.7054794,1785995266.5160122,143,3,nine months,stop
60001239,1,completed,,1785995254.4612155,1785995260.8072925,1785995264.4639266,160,9,"Tomingaj, near Gračac",stop
60001240,1,completed,,1785995254.461218,1785995260.81071,1785995271.7388859,159,6,Mark Twain's works,stop
60001242,1,completed,,1785995254.4612205,1785995260.8140903,1785995267.0517533,160,5,1874,stop
60001243,1,completed,,1785995254.4612231,1785995260.817442,1785995266.0352771,161,5,hunter's garb,stop
60001245,1,completed,,1785995254.4612257,1785995260.8207803,1785995271.1713831,159,5,1874,stop
60001248,1,completed,,1785995254.4612284,1785995260.8241246,1785995265.8276544,389,5,1875,stop
60001249,1,completed,,1785995254.461231,1785995260.8274899,1785995267.7079563,392,9,Austrian Polytechnic in Graz,stop
60001252,1,completed,,1785995254.4612336,1785995260.8308372,1785995265.8003469,386,2,No,stop
60001253,1,completed,,1785995254.4612362,1785995260.83418,1785995265.5505977,387,3,Graz,stop
60001255,1,completed,,1785995254.4612389,1785995260.837534,1785995266.3488235,386,5,1879,stop
60001262,1,completed,,1785995254.4612412,1785995260.8408732,1785995266.6896732,183,5,nervous breakdown,stop
60001263,1,completed,,1785995254.4612439,1785995260.8441982,1785995266.547343,182,7,December 1878,stop
60001266,1,completed,,1785995254.46125,1785995260.8475256,1785995272.0012434,187,6,worked as a draftsman,stop
60001267,1,completed,,1785995254.4612527,1785995260.8508515,1785995266.227988,189,5,nervous breakdown,stop
60001270,1,completed,,1785995254.461255,1785995260.854177,1785995266.5296075,158,3,60,stop
60001271,1,completed,,1785995254.4612598,1785995260.8575153,1785995265.860424,160,2,stroke,stop
60001274,1,completed,,1785995254.461262,1785995260.8613203,1785995265.9381654,158,9,24 March 1879,stop
60001278,1,completed,,1785995254.4612668,1785995260.8647254,1785995268.0362895,160,22,"he never studied Greek, a required subject; and he was illiterate in Czech, another required subject.",stop
60001279,1,completed,,1785995254.4613178,1785995260.8680844,1785995267.1371577,156,4,as an auditor,stop
60001281,1,completed,,1785995254.4613204,1785995260.8714352,1785995266.406501,159,3,Prague,stop
60001282,1,completed,,1785995254.4613233,1785995260.8747811,1785995267.2723775,156,7,January 1880,stop
60001284,1,completed,,1785995254.4613256,1785995260.8781433,1785995270.711005,158,5,Tesla's uncles,stop
60001285,1,completed,,1785995254.4613278,1785995260.8814821,1785995266.398642,180,4,Budapest,stop
60001286,1,completed,,1785995254.4613304,1785995260.9532063,1785995266.0864885,182,6,Budapest Telephone Exchange,stop
60001293,1,completed,,1785995254.461333,1785995260.9572067,1785995266.7703881,180,4,chief electrician,stop
60001296,1,completed,,1785995254.461336,1785995260.9611466,1785995267.23986,154,4,New York City,stop
60001298,1,completed,,1785995254.4613383,1785995260.9650803,1785995266.5353615,152,4,New York City,stop
60001299,1,completed,,1785995254.461341,1785995260.9690092,1785995266.1375692,155,2,France,stop
60001303,1,completed,,1785995254.4613433,1785995260.9729538,1785995266.2673852,147,7,Manhattan's lower east side,stop
60001305,1,completed,,1785995254.461346,1785995260.9768736,1785995266.6589797,244,8,US$10 a week raise,stop
60001306,1,completed,,1785995254.461352,1785995260.9807835,1785995266.0192142,246,2,months,stop
60001310,1,completed,,1785995254.4613547,1785995260.9847043,1785995266.3410382,144,7,Robert Lane and Benjamin Vail,stop
60001313,1,completed,,1785995254.461357,1785995260.9886074,1785995269.8457375,142,3,patents,stop
60001314,1,completed,,1785995254.4613595,1785995260.9925082,1785995266.5034492,142,8,electrical arc light based illumination systems,stop
60001316,1,completed,,1785995254.4613621,1785995260.9964194,1785995266.5134099,145,5,1886,stop
60001318,1,completed,,1785995254.4613647,1785995261.0003145,1785995266.5504441,141,8,installed electrical arc light based illumination systems,stop
60001319,1,completed,,1785995254.4613674,1785995261.1021574,1785995266.1369758,145,2,Tesla,stop
60001321,1,completed,,1785995254.4613695,1785995261.1067598,1785995266.2662826,195,4,penniless,stop
60001323,1,completed,,1785995254.4613721,1785995261.1113095,1785995264.9952326,201,10,1886/1887,stop
60001324,1,completed,,1785995254.4613748,1785995261.1158504,1785995266.7044718,197,6,assigned them to the company,stop
60001325,1,completed,,1785995254.461377,1785995261.120359,1785995266.731974,198,5,ditch digger,stop
60001326,1,completed,,1785995254.4613795,1785995261.1248605,1785995265.8866978,195,5,ditch digger,stop
60001329,1,completed,,1785995254.4613822,1785995261.1293561,1785995272.2959802,209,26,"1/3 to Tesla, 1/3 to Peck and Brown, and 1/3 to fund development.",stop
60001330,1,completed,,1785995254.4613867,1785995261.1338696,1785995266.3396902,209,5,89 Liberty Street,stop
60001331,1,completed,,1785995254.4613893,1785995261.138371,1785995272.1239235,210,8,In late 1886,stop
60001332,1,completed,,1785995254.461392,1785995261.1428864,1785995267.0983386,206,4,Western Union superintendent,stop
60001335,1,completed,,1785995254.4613945,1785995261.148361,1785995266.4128506,212,4,Tesla Electric Company,stop
60001341,1,completed,,1785995254.461397,1785995261.1529887,1785995265.7361395,192,7,May 1888,stop
60001343,1,completed,,1785995254.4614015,1785995261.1575506,1785995266.5240507,196,5,mechanical brushes,stop
60001347,1,completed,,1785995254.4614038,1785995261.1621237,1785995266.4150515,212,5,1888,stop
60001350,1,completed,,1785995254.4614067,1785995261.5075972,1785995268.8556204,207,6,Thomas Commerford Martin,stop
60001353,1,completed,,1785995254.4614131,1785995261.5146983,1785995266.262307,208,4,physicist,stop
60001355,1,completed,,1785995254.461416,1785995261.5217252,1785995266.0546093,181,5,1888,stop
60001356,1,completed,,1785995254.4614182,1785995261.528741,1785995264.9331312,178,8,"$60,000",stop
60001357,1,completed,,1785995254.4614208,1785995261.5357497,1785995266.5412679,175,4,Westinghouse,stop
60001359,1,completed,,1785995254.4614234,1785995261.542719,1785995267.7219257,177,8,"$60,000",stop
60001361,1,completed,,1785995254.461426,1785995261.549697,1785995266.7615526,173,7,"$2,000",stop
60001363,1,completed,,1785995254.4614286,1785995261.556677,1785995266.5010478,179,4,Pittsburgh,stop
60001364,1,completed,,1785995254.4614313,1785995261.5636618,1785995267.7941532,180,5,alternating current system,stop
60001367,1,completed,,1785995254.461434,1785995261.5706394,1785995265.982899,179,8,powering the city's streetcars,stop
60001368,1,completed,,1785995254.4614365,1785995261.577594,1785995271.6327589,185,4,DC traction motor,stop
60001370,1,completed,,1785995254.4614387,1785995261.5845487,1785995265.8069384,325,7,a competition between rival lighting systems,stop
60001371,1,completed,,1785995254.4614413,1785995261.5915465,1785995266.1929178,328,3,AC development,stop
60001374,1,completed,,1785995254.461444,1785995261.5985148,1785995266.297034,323,3,Thomas Edison,stop
60001376,1,completed,,1785995254.461446,1785995261.6055245,1785995267.2527568,326,10,financial strain of buying up patents and hiring engineers,stop
60001377,1,completed,,1785995254.4614491,1785995261.6132476,1785995266.2944956,322,3,General Electric,stop
60001380,1,failed,ReadError: ,1785995254.461454,1785995261.6203237,1785995265.8484194,0,0,,
60001383,1,completed,,1785995254.461456,1785995261.6273375,1785995266.3468304,222,5,George Westinghouse,stop
60001385,1,completed,,1785995254.4614587,1785995261.634312,1785995266.2932787,217,5,1893,stop
60001387,1,completed,,1785995254.4614613,1785995261.6412895,1785995266.1925,275,4,Richard Dean Adams,stop
60001389,1,completed,,1785995254.4614637,1785995261.6482537,1785995266.0322204,274,5,Westinghouse Electric,stop
60001390,1,completed,,1785995254.4614663,1785995261.6551943,1785995266.1691778,272,3,General Electric,stop
60001392,1,completed,,1785995254.4614727,1785995261.662158,1785995266.1933794,266,4,Richard Dean Adams,stop
60001393,1,completed,,1785995254.4614754,1785995261.669142,1785995266.668835,267,5,1893,stop
60001394,1,completed,,1785995254.461478,1785995261.676142,1785995267.21457,268,5,two-phased system,stop
60001396,1,completed,,1785995254.4614804,1785995261.6831238,1785995267.7503793,336,5,1896,stop
60001397,1,completed,,1785995254.461483,1785995261.690125,1785995266.7443948,335,9,"$216,000",stop
60001398,1,completed,,1785995254.4614856,1785995261.697113,1785995267.7432249,334,9,$2.50 per AC horsepower,stop
60001400,1,completed,,1785995254.4614878,1785995261.7041025,1785995266.2286222,332,6,J. P. Morgan,stop
60001401,1,completed,,1785995254.4614904,1785995261.711074,1785995267.1960654,335,9,"$200,000",stop
60001402,1,completed,,1785995254.4614928,1785995261.7181904,1785995267.2856278,339,9,"$216,000",stop
60001406,1,completed,,1785995254.4614973,1785995261.725227,1785995266.1956592,149,3,Tesla coil,stop
60001407,1,completed,,1785995254.4615,1785995261.732215,1785995267.824107,145,9,30 July 1891,stop
60001408,1,completed,,1785995254.4615026,1785995261.7391703,1785995266.230019,148,3,Tesla coil,stop
60001413,1,completed,,1785995254.4615068,1785995261.7461352,1785995266.263236,116,5,1894,stop
60001415,1,completed,,1785995254.4615095,1785995261.7531,1785995266.4044774,108,3,2 years,stop
60001417,1,completed,,1785995254.4615119,1785995261.760086,1785995266.086196,294,7,damaged film in his laboratory,stop
60001419,1,completed,,1785995254.4615145,1785995261.7670774,1785995266.5382912,293,7,December 1895,stop
60001421,1,completed,,1785995254.461517,1785995261.7740824,1785995266.7239134,300,5,1894,stop
60001423,1,completed,,1785995254.4615192,1785995261.781087,1785995266.4195836,298,6,5th Avenue laboratory fire,stop
60001424,1,completed,,1785995254.4615219,1785995261.7880821,1785995266.553596,307,4,X-ray image,stop
60001426,1,completed,,1785995254.4615242,1785995261.7950568,1785995266.3424242,203,4,X-ray imaging,stop
60001428,1,completed,,1785995254.4615269,1785995261.8020334,1785995267.0618043,198,6,bremsstrahlung,stop
60001430,1,completed,,1785995254.4615314,1785995261.8089874,1785995266.3931582,200,3,Tesla Coil,stop
60001431,1,completed,,1785995254.4615343,1785995261.8159595,1785995267.2991128,200,7,March 1896,stop
60001435,1,completed,,1785995254.4615364,1785995261.8261392,1785995267.8860834,174,20,"ozone generated in contact with the skin, and to a lesser extent, by nitrous acid",stop
60001436,1,completed,,1785995254.461539,1785995261.833316,1785995266.748626,176,11,"to a lesser extent, by nitrous acid.",stop
60001438,1,completed,,1785995254.4615417,1785995261.8404183,1785995266.2589903,172,5,force-free magnetic fields,stop
60001439,1,completed,,1785995254.4615443,1785995261.8475049,1785995266.2273867,188,3,ozone,stop
60001440,1,completed,,1785995254.4615467,1785995261.8545709,1785995266.3949492,174,5,longitudinal waves,stop
60001441,1,completed,,1785995254.4615529,1785995261.861647,1785995266.521334,171,5,force-free magnetic fields,stop
60001442,1,completed,,1785995254.4615552,1785995262.4642591,1785995268.0029588,180,12,Tesla's notes on the early investigation of this phenomenon.,stop
60001447,1,completed,,1785995254.4615579,1785995262.4955432,1785995266.2642128,98,2,Tesla,stop
60001448,1,completed,,1785995254.4615688,1785995262.5262146,1785995267.801602,199,9,11 July 1934,stop
60001453,1,completed,,1785995254.4615712,1785995262.53661,1785995266.3554978,143,3,Tesla Coil,stop
60001455,1,completed,,1785995254.461574,1785995262.5469341,1785995266.6655216,228,5,1898,stop
60001456,1,completed,,1785995254.4615767,1785995262.5572634,1785995266.5442824,222,4,teleautomaton,stop
60001458,1,completed,,1785995254.4615793,1785995262.5675964,1785995267.2789805,225,8,electrical exhibition at Madison Square Garden,stop
60001459,1,completed,,1785995254.4615817,1785995262.5779285,1785995266.4172997,231,2,monkey,stop
60001462,1,completed,,1785995254.4615843,1785995262.5882638,1785995267.2592685,286,5,1901,stop
60001463,1,completed,,1785995254.461587,1785995262.5986004,1785995267.1147244,285,5,1943,stop
60001464,1,completed,,1785995254.4615896,1785995262.6089323,1785995267.8316877,289,8,Supreme Court of the United States,stop
60001465,1,completed,,1785995254.461592,1785995262.6192448,1785995266.7839823,243,5,1899,stop
60001466,1,completed,,1785995254.4615946,1785995262.6295812,1785995266.518648,243,2,Paris,stop
60001469,1,completed,,1785995254.4615977,1785995262.639926,1785995267.0876904,111,5,atmospheric electricity,stop
60001471,1,completed,,1785995254.4616024,1785995262.6502256,1785995267.7360897,111,8,Earth has a resonant frequency.,stop
60001472,1,completed,,1785995254.4616048,1785995262.6605468,1785995267.1428487,192,4,artificial lightning,stop
60001473,1,completed,,1785995254.4616075,1785995262.6708965,1785995267.8547223,190,9,up to 135 feet long,stop
60001474,1,completed,,1785995254.46161,1785995262.6812027,1785995267.0418787,193,4,15 miles,stop
60001478,1,completed,,1785995254.4616125,1785995262.6918848,1785995267.7289844,171,6,repeatedly burned out,stop
60001479,1,completed,,1785995254.461615,1785995262.7022789,1785995267.1719456,170,4,high frequency currents,stop
60001480,1,completed,,1785995254.4616177,1785995262.7126653,1785995266.7402165,169,2,destroy,stop
60001482,1,completed,,1785995254.4616199,1785995262.7230153,1785995268.0880766,308,3,Mars,stop
60001483,1,completed,,1785995254.4616225,1785995262.733349,1785995267.3127785,308,5,Collier's Weekly,stop
60001484,1,completed,,1785995254.461625,1785995262.7437003,1785995268.0112069,309,10,signals from another experimenter in wireless transmission,stop
60001485,1,completed,,1785995254.4616277,1785995262.7540154,1785995268.6162963,309,7,July 1899,stop
60001487,1,completed,,1785995254.4616323,1785995262.764367,1785995267.3059447,111,5,a new lighting system,stop
60001489,1,completed,,1785995254.4616346,1785995262.7747052,1785995267.183937,108,5,1899,stop
60001491,1,completed,,1785995254.4616392,1785995262.784996,1785995267.0824049,103,5,its contents were sold,stop
60001492,1,completed,,1785995254.4616418,1785995262.7952924,1785995266.708284,103,5,1904,stop
60001493,1,completed,,1785995254.4616442,1785995262.8056028,1785995266.7572055,111,2,sold,stop
60001495,1,completed,,1785995254.4616468,1785995262.8159032,1785995267.8165689,94,7,trans-Atlantic wireless telecommunicationsfacility,stop
60001498,1,completed,,1785995254.4616492,1785995262.826217,1785995267.8781939,184,9,Panic of 1901,stop
60001499,1,completed,,1785995254.4616518,1785995262.8365211,1785995267.1092331,179,3,shocked,stop
60001500,1,completed,,1785995254.4616542,1785995262.8468838,1785995267.077195,256,3,50,stop
60001502,1,completed,,1785995254.4616568,1785995262.8572426,1785995268.0278137,247,13,Marconi successfully transmitted the letter S from England to Newfoundland.,stop
60001507,1,completed,,1785995254.4616613,1785995262.8677046,1785995267.9947574,154,11,"100–5,000 hp",stop
60001511,1,completed,,1785995254.461664,1785995262.8780777,1785995266.6860871,259,3,World Today,stop
60001513,1,completed,,1785995254.4616666,1785995262.8884225,1785995266.7528982,183,4,application of electricity,stop
60001517,1,completed,,1785995254.4616692,1785995262.8987515,1785995267.2021863,169,4,overseas,stop
60001519,1,completed,,1785995254.4616716,1785995262.9090965,1785995266.7121308,168,3,sold it,stop
60001520,1,completed,,1785995254.4616742,1785995262.9194114,1785995267.8703492,172,8,"$20,000",stop
60001521,1,completed,,1785995254.4616768,1785995262.929701,1785995271.9886682,165,4,Edison Medal,stop
60001522,1,completed,,1785995254.4616795,1785995262.9399943,1785995267.7867563,249,7,Electrical Experimenter,stop
60001531,1,completed,,1785995254.4616818,1785995262.9504163,1785995267.0567658,120,3,38,stop
60001533,1,completed,,1785995254.4616868,1785995262.960858,1785995267.220834,115,5,1937,stop
60001534,1,completed,,1785995254.4616892,1785995262.9712238,1785995267.8625393,199,10,"1,655,114",stop
60001535,1,completed,,1785995254.4616919,1785995262.9815288,1785995267.0467987,208,3,biplane,stop
60001539,1,completed,,1785995254.4616942,1785995262.9918447,1785995271.6974816,193,7,$125 per month,stop
60001541,1,completed,,1785995254.461697,1785995263.002203,1785995267.1314788,195,3,bad publicity,stop
60001542,1,completed,,1785995254.4616995,1785995263.0125043,1785995272.120305,114,5,mechanical energy,stop
60001543,1,completed,,1785995254.461702,1785995263.0228057,1785995267.027383,116,4,any terrestrial distance,stop
60001544,1,completed,,1785995254.4617045,1785995263.0331073,1785995267.1037717,114,3,minimal loss,stop
60001547,1,completed,,1785995254.461709,1785995263.0435598,1785995267.2334764,272,5,feed the pigeons,stop
60001549,1,completed,,1785995254.4617116,1785995263.0539267,1785995267.7793977,265,7,three of his ribs were broken,stop
60001553,1,completed,,1785995254.4617145,1785995263.064249,1785995267.764817,127,6,Van de Graaff generator,stop
60001555,1,completed,,1785995254.461719,1785995263.0745413,1785995267.2923546,122,5,anti-aircraft purposes,stop
60001557,1,completed,,1785995254.4617236,1785995263.0848258,1785995267.7149088,151,5,1937,stop
60001558,1,completed,,1785995254.461726,1785995263.0951216,1785995267.2462752,155,4,luncheon,stop
60001559,1,completed,,1785995254.4617286,1785995263.1054423,1785995271.847494,151,4,tungsten,stop
60001562,1,completed,,1785995254.461731,1785995263.1157522,1785995271.700465,213,5,charged particle beam weapons,stop
60001568,1,completed,,1785995254.4617336,1785995263.126073,1785995267.166037,151,4,in his mind,stop
60001569,1,completed,,1785995254.4617364,1785995263.1389995,1785995270.8233,161,3,his papers,stop
60001571,1,completed,,1785995254.461739,1785995263.149447,1785995272.079169,217,8,7 January 1943,stop
60001572,1,completed,,1785995254.4617417,1785995263.159801,1785995268.157312,214,4,Alice Monaghan,stop
60001573,1,completed,,1785995254.461744,1785995263.1701312,1785995267.1778996,221,4,do not disturb,stop
60001574,1,completed,,1785995254.4617465,1785995263.1805742,1785995267.8090732,217,7,coronary thrombosis,stop
60001576,1,completed,,1785995254.461749,1785995263.190908,1785995268.446012,191,5,John G. Trump,stop
60001579,1,completed,,1785995254.4617512,1785995263.2012131,1785995267.3768554,214,4,Louis Adamic,stop
60001580,1,completed,,1785995254.4617538,1785995263.2115364,1785995271.6329167,212,4,Louis Adamic,stop
60001581,1,completed,,1785995254.4617565,1785995263.2220056,1785995268.4796386,212,4,12 January,stop
60001584,1,completed,,1785995254.4617586,1785995263.2323546,1785995267.0668933,150,3,Belgrade,stop
60001586,1,completed,,1785995254.4617612,1785995263.2485325,1785995269.5097039,152,5,Charlotte Muzar,stop
60001587,1,completed,,1785995254.4617639,1785995263.3240232,1785995264.1923125,149,3,Belgrade,stop
60001588,1,completed,,1785995254.4617686,1785995263.366128,1785995267.1258736,149,6,in the Nikola Tesla Museum,stop
60001594,1,completed,,1785995254.4617712,1785995263.3766432,1785995268.0194826,204,19,9:00 a.m. until 6:00 p.m. or later,stop
60001595,1,completed,,1785995254.4617739,1785995263.387129,1785995268.1400497,205,8,3:00 a.m.,stop
60001596,1,completed,,1785995254.4617765,1785995263.397577,1785995265.9521163,200,5,the headwaiter,stop
60001597,1,completed,,1785995254.4617808,1785995263.408036,1785995265.1958086,101,7,8 to 10 miles,stop
60001599,1,completed,,1785995254.4617836,1785995263.4184904,1785995265.4138405,102,5,squished his toes,stop
60001602,1,completed,,1785995254.4617863,1785995263.5064492,1785995267.265808,145,5,newspaper editor,stop
60001605,1,completed,,1785995254.4617891,1785995263.5171955,1785995265.8542008,148,7,"$2,000",stop
60001607,1,completed,,1785995254.4617918,1785995263.5277627,1785995266.1379175,149,2,park,stop
60001608,1,completed,,1785995254.4617944,1785995263.612221,1785995271.6978064,154,4,his hotel room,stop
60001609,1,completed,,1785995254.4617968,1785995263.699656,1785995267.8940125,137,10,142 pounds (64 kg),stop
60001612,1,completed,,1785995254.4618015,1785995263.9927833,1785995272.099224,141,4,New York City,stop
60001613,1,completed,,1785995254.461804,1785995264.0450866,1785995268.6768327,289,2,8,stop
60001615,1,completed,,1785995254.4618065,1785995264.0668743,1785995271.991108,292,3,picture thinking,stop
60001616,1,completed,,1785995254.4618092,1785995264.1714704,1785995265.220527,291,6,blinding flashes of light,stop
60001618,1,completed,,1785995254.4618118,1785995264.2132823,1785995271.4723592,242,7,more than 48 hours,stop
60001619,1,completed,,1785995254.461814,1785995264.28741,1785995266.4106867,250,4,84 hours,stop
60001620,1,completed,,1785995254.4618163,1785995264.443241,1785995266.2605708,247,3,Graz,stop
60001623,1,completed,,1785995254.4618208,1785995264.5159187,1785995266.2614174,158,4,chastity,stop
60001626,1,completed,,1785995254.461872,1785995264.5578942,1785995267.1543524,216,7,Dorothy Skerrit,stop
60001628,1,completed,,1785995254.461875,1785995264.865979,1785995265.761017,219,4,seclude himself,stop
60001635,1,completed,,1785995254.4618776,1785995264.8865545,1785995266.1095707,114,3,a secretary,stop
60001636,1,completed,,1785995254.46188,1785995265.0264528,1785995268.7793188,116,5,because of her weight,stop
60001639,1,completed,,1785995254.4618826,1785995265.048213,1785995266.1383011,192,2,ether,stop
60001642,1,completed,,1785995254.461885,1785995265.1127274,1785995266.295748,94,4,Einstein's,stop
60001643,1,completed,,1785995254.4618876,1785995265.3044708,1785995266.2293003,102,4,antagonistic,stop
60001645,1,completed,,1785995254.4618924,1785995265.3150861,1785995266.6557486,188,5,dynamic theory of gravity,stop
60001648,1,completed,,1785995254.461895,1785995265.3256257,1785995266.1938863,188,3,81,stop
60001649,1,completed,,1785995254.4618974,1785995265.5310016,1785995266.0340536,157,4,eugenics,stop
60001656,1,completed,,1785995254.4618998,1785995265.6096575,1785995266.400549,136,6,post-World War I,stop
60001659,1,completed,,1785995254.4619064,1785995265.6222453,1785995266.2652285,141,4,League of Nations,stop
60001667,1,completed,,1785995254.461909,1785995265.7144592,1785995266.1950233,119,3,Ben Johnston,stop
60001669,1,completed,,1785995254.4619114,1785995265.7663028,1785995266.2983603,133,2,web,stop
60001670,1,completed,,1785995254.461914,1785995265.791906,1785995266.0194736,132,5,1900,stop
60001672,1,completed,,1785995254.4619164,1785995265.8197212,1785995270.9848287,110,3,science fiction,stop
60001675,1,completed,,1785995254.4619303,1785995265.8239706,1785995266.3504322,133,3,Time magazine,stop
60001676,1,completed,,1785995254.4619348,1785995265.8378108,1785995266.0672295,128,8,Tesla's 75th birthday,stop
60001677,1,completed,,1785995254.4619374,1785995265.8590076,1785995266.0676115,132,5,electrical power generation,stop
60001684,1,completed,,1785995254.46194,1785995265.8623903,1785995266.6721988,194,7,mathematical models of computation,stop
60001686,1,completed,,1785995254.4619446,1785995265.863949,1785995266.034432,182,4,number of gates,stop
60001688,1,completed,,1785995254.4619472,1785995265.8674119,1785995266.67906,197,4,analysis of algorithms,stop
60001689,1,completed,,1785995254.46195,1785995265.8742595,1785995266.3537657,205,4,Analysis of algorithms,stop
60001691,1,completed,,1785995254.4619524,1785995265.8782158,1785995266.0336964,209,4,computability theory,stop
60001695,1,completed,,1785995254.461955,1785995265.890411,1785995266.345323,231,3,problem instance,stop
60001696,1,completed,,1785995254.4619577,1785995265.8955233,1785995266.0197463,235,2,solution,stop
60001699,1,completed,,1785995254.46196,1785995265.9415402,1785995267.148588,175,4,computational problems,stop
60001700,1,completed,,1785995254.461963,1785995265.957594,1785995266.6969845,165,4,a problem instance,stop
60001701,1,completed,,1785995254.4619677,1785995265.9863472,1785995266.6622314,165,3,binary alphabet,stop
60001704,1,completed,,1785995254.46197,1785995265.9868171,1785995267.0720248,161,5,via their adjacency matrices,stop
60001705,1,completed,,1785995254.4619727,1785995266.0225961,1785995266.5108554,207,3,Decision problems,stop
60001708,1,completed,,1785995254.4619753,1785995266.0231404,1785995266.7360609,207,2,yes,stop
60001710,1,completed,,1785995254.4619775,1785995266.0236278,1785995266.7794054,143,4,arbitrary graph,stop
60001712,1,completed,,1785995254.46198,1785995266.0368648,1785995267.3197079,146,8,how graphs are encoded as binary strings,stop
60001715,1,completed,,1785995254.461983,1785995266.0387542,1785995267.0370095,129,3,function problem,stop
60001718,1,completed,,1785995254.4619873,1785995266.0394244,1785995266.7932549,160,4,as decision problems,stop
60001719,1,completed,,1785995254.46199,1785995266.0400233,1785995268.0447402,168,19,"the set of triples (a, b, c) such that a × b = c",stop
60001720,1,completed,,1785995254.4619927,1785995266.0406046,1785995267.772094,231,7,size of the input in bits,stop
60001725,1,completed,,1785995254.4619954,1785995266.0411756,1785995268.6246934,183,5,Cobham's,stop
60001726,1,completed,,1785995254.4619975,1785995266.057054,1785995266.7748778,178,3,time taken,stop
60001727,1,completed,,1785995254.4620004,1785995266.0703082,1785995267.8469996,174,9,worst-case time complexity T(n),stop
60001731,1,completed,,1785995254.462003,1785995266.0709214,1785995272.0194588,264,5,other models of computation,stop
60001732,1,completed,,1785995254.4620056,1785995266.0895424,1785995267.2083583,256,4,Turing machine,stop
60001733,1,completed,,1785995254.462008,1785995266.0901423,1785995267.120291,257,2,symbols,stop
60001735,1,completed,,1785995254.4620106,1785995266.0906808,1785995266.5324697,259,2,rules,stop
60001740,1,completed,,1785995254.4620132,1785995266.0912027,1785995267.9019926,145,9,resources (such as time or space),stop
60001741,1,completed,,1785995254.4620156,1785995266.111079,1785995267.9865823,144,11,"deterministic Turing machines, probabilistic Turing machines",stop
60001742,1,completed,,1785995254.4620183,1785995266.1420367,1785995267.1601753,146,4,random access machines,stop
60001744,1,completed,,1785995254.462023,1785995266.1427693,1785995271.938692,139,4,time and memory,stop
60001745,1,completed,,1785995254.4620278,1785995266.143419,1785995267.7009776,144,6,machines operate deterministically,stop
60001746,1,completed,,1785995254.4620306,1785995266.144048,1785995272.1167135,168,7,non-deterministic Turing machine,stop
60001747,1,completed,,1785995254.4620328,1785995266.1446564,1785995271.850663,163,4,unusual resources,stop
60001749,1,completed,,1785995254.4620354,1785995266.1723213,1785995272.0557907,172,6,non-deterministic time,stop
60001752,1,completed,,1785995254.4620383,1785995266.1730576,1785995268.4031668,266,6,DTIME(f(n)),stop
60001753,1,completed,,1785995254.462041,1785995266.1737294,1785995266.8102272,268,2,time,stop
60001756,1,completed,,1785995254.462043,1785995266.1987567,1785995267.9535682,131,6,Blum complexity axioms,stop
60001757,1,completed,,1785995254.4620457,1785995266.1997075,1785995271.696912,132,4,complexity measure,stop
60001761,1,completed,,1785995254.4620483,1785995266.2005916,1785995271.9510217,118,3,time complexity,stop
60001765,1,completed,,1785995254.462051,1785995266.201453,1785995272.008689,177,6,O(n^2),stop
60001766,1,completed,,1785995254.4620533,1785995266.2023063,1785995271.9144943,261,5,the most efficient algorithm,stop
60001767,1,completed,,1785995254.4620562,1785995266.2031605,1785995267.9371026,257,4,analysis of algorithms,stop
60001768,1,completed,,1785995254.4620607,1785995266.2040164,1785995271.9299843,251,3,lower bounds,stop
60001769,1,completed,,1785995254.4620657,1785995266.20486,1785995271.9088802,255,3,upper bound,stop
60001770,1,completed,,1785995254.4620683,1785995266.2056968,1785995272.1349578,263,6,"""all possible algorithms""",stop
60001772,1,completed,,1785995254.4620707,1785995266.2343473,1785995268.0711045,135,6,constant factors and smaller terms,stop
60001773,1,completed,,1785995254.4620736,1785995266.2353103,1785995272.1925855,154,9,T(n) = O(n²),stop
60001774,1,completed,,1785995254.4620762,1785995266.2362463,1785995269.2293224,143,4,computational model,stop
60001775,1,completed,,1785995254.4620788,1785995266.2371576,1785995271.8525724,95,4,some complexity classes,stop
60001778,1,completed,,1785995254.4620812,1785995266.23805,1785995271.6966686,222,4,chosen machine model,stop
60001779,1,completed,,1785995254.462084,1785995266.276199,1785995271.9049716,224,3,linear time,stop
60001782,1,completed,,1785995254.4620886,1785995266.2776,1785995271.1459162,231,2,P,stop
60001784,1,completed,,1785995254.4620912,1785995266.2789464,1785995268.5657473,101,2,bounding,stop
60001786,1,completed,,1785995254.4620938,1785995266.2802799,1785995269.6457098,155,8,"BPP, ZPP, RP",stop
60001787,1,completed,,1785995254.4620965,1785995266.2815993,1785995271.574607,152,3,Boolean circuits,stop
60001788,1,completed,,1785995254.4620988,1785995266.2829108,1785995269.5780306,158,5,quantum Turing machines,stop
60001789,1,completed,,1785995254.4621012,1785995266.2842364,1785995271.8578238,152,3,#P,stop
60001790,1,completed,,1785995254.4621058,1785995266.2855496,1785995269.00019,152,4,Interactive proof systems,stop
60001792,1,completed,,1785995254.4621084,1785995266.2868567,1785995272.180319,230,8,complexity classes defined in this way,stop
60001793,1,completed,,1785995254.462111,1785995266.288188,1785995272.1884634,233,8,time and space hierarchy theorems,stop
60001794,1,completed,,1785995254.462115,1785995266.289501,1785995269.271802,230,3,proper hierarchy,stop
60001797,1,completed,,1785995254.462118,1785995266.2908082,1785995271.556683,122,4,EXPTIME,stop
60001799,1,completed,,1785995254.4621205,1785995266.3072546,1785995271.7013016,184,3,reduction,stop
60001802,1,completed,,1785995254.462123,1785995266.3088183,1785995270.1699696,184,7,"Cook reductions, Karp reductions",stop
60001804,1,completed,,1785995254.4621255,1785995266.310333,1785995271.8219442,163,5,polynomial-time reduction,stop
60001806,1,completed,,1785995254.4621282,1785995266.3118424,1785995271.7028637,164,4,polynomial time,stop
60001807,1,completed,,1785995254.4621308,1785995266.313329,1785995270.1868367,177,4,Same input value,stop
60001808,1,failed,ReadError: ,1785995254.4621332,1785995266.370447,1785995271.5840096,0,0,,
60001809,1,completed,,1785995254.4621358,1785995266.3724442,1785995272.1422641,175,7,the type of reduction being used,stop
60001810,1,completed,,1785995254.4621384,1785995266.3743653,1785995272.1576915,185,10,No problem in C is harder than X.,stop
60001811,1,completed,,1785995254.462141,1785995266.3762689,1785995268.753609,180,6,solve any problem in C,stop
60001812,1,completed,,1785995254.4621434,1785995266.3781617,1785995272.068339,183,4,NP-hard problems,stop
60001814,1,completed,,1785995254.462146,1785995266.380049,1785995271.8567107,257,2,P,stop
60001815,1,completed,,1785995254.4621508,1785995266.381946,1785995272.1967497,282,10,Π1 has no known polynomial-time solution.,stop
60001818,1,failed,ReadError: ,1785995254.4621534,1785995266.383862,1785995271.571486,0,0,,
60001819,1,completed,,1785995254.4621558,1785995266.3857546,1785995271.9250154,181,2,NP,stop
60001820,1,completed,,1785995254.4621584,1785995266.3876457,1785995271.3568635,181,5,Boolean satisfiability problem,stop
60001821,1,completed,,1785995254.4621606,1785995266.3895369,1785995271.9596052,186,6,deterministic Turing machines,stop
60001823,1,completed,,1785995254.4621632,1785995266.4393954,1785995269.4672923,193,4,protein structure prediction,stop
60001827,1,completed,,1785995254.4621656,1785995266.4420137,1785995270.2378647,160,6,Graph isomorphism problem,stop
60001828,1,completed,,1785995254.462168,1785995266.4445922,1785995272.146099,223,7,The graph isomorphism problem,stop
60001829,1,completed,,1785995254.4621706,1785995266.4471552,1785995271.9961178,229,3,NP-complete,stop
60001830,1,completed,,1785995254.4621732,1785995266.4497094,1785995269.1525698,224,4,polynomial hierarchy,stop
60001831,1,completed,,1785995254.4621758,1785995266.4522681,1785995271.9210455,226,4,its second level,stop
60001833,1,completed,,1785995254.4621782,1785995266.454811,1785995272.0588882,287,5,Integer factorization problem,stop
60001834,1,completed,,1785995254.4621806,1785995266.457356,1785995269.4589257,299,2,k,stop
60001839,1,completed,,1785995254.462185,1785995266.4599068,1785995272.131244,197,6,between P and PSPACE,stop
60001842,1,completed,,1785995254.4621875,1785995266.4624538,1785995271.9075549,142,3,reversed,stop
60001844,1,completed,,1785995254.4621904,1785995266.4650123,1785995270.042043,149,7,P is not equal to NP,stop
60001845,1,completed,,1785995254.462193,1785995266.4675531,1785995271.9102387,130,2,L,stop
60001846,1,completed,,1785995254.4621954,1785995266.470083,1785995272.1843762,136,10,strictly contained in P or equal to P,stop
60001847,1,completed,,1785995254.462198,1785995266.4726174,1785995270.5996094,136,4,NL and NC,stop
60001848,1,completed,,1785995254.4622006,1785995266.475143,1785995272.0113623,127,4,NL and NC,stop
60001853,1,completed,,1785995254.4622035,1785995266.5853493,1785995271.6971846,185,4,Presburger arithmetic,stop
60001856,1,completed,,1785995254.46221,1785995266.5887504,1785995272.095809,183,5,less than quadratic time,stop
60001857,1,completed,,1785995254.462215,1785995266.5920968,1785995269.3482938,191,17,SAT solvers routinely handle large instances of the NP-complete Boolean satisfiability problem.,stop
60001860,1,completed,,1785995254.4622178,1785995266.5954244,1785995272.0620134,124,4,Turing machines,stop
60001861,1,completed,,1785995254.4622202,1785995266.5987334,1785995272.0759113,132,5,1936,stop
60001864,1,completed,,1785995254.4622228,1785995266.6020405,1785995272.0924187,170,11,Juris Hartmanis and Richard Stearns,stop
60001866,1,completed,,1785995254.4622254,1785995266.6053479,1785995271.9368963,169,5,time and space complexity,stop
60001869,1,completed,,1785995254.462228,1785995266.6086779,1785995272.1131585,173,5,1961,stop
60001870,1,completed,,1785995254.4622304,1785995266.6120071,1785995272.1061337,184,5,Hisao Yamada,stop
60001871,1,completed,,1785995254.462233,1785995266.6153083,1785995271.9746041,126,3,input encoding,stop
60001874,1,completed,,1785995254.4622355,1785995266.618613,1785995269.7307873,204,4,speed-up theorem,stop
60001875,1,completed,,1785995254.4622378,1785995266.6219192,1785995271.799188,225,10,"""Reducibility Among Combinatorial Problems""",stop
60001878,1,completed,,1785995254.4622405,1785995266.6258004,1785995271.9037218,176,4,Pedagogy,stop
60001879,1,completed,,1785995254.4622455,1785995266.629234,1785995272.0407376,174,5,university or college,stop
60001882,1,completed,,1785995254.4622476,1785995266.6326032,1785995270.1102057,103,3,cultures,stop
60001883,1,completed,,1785995254.4622502,1785995266.6359434,1785995271.5030353,104,3,numeracy,stop
60001884,1,completed,,1785995254.462253,1785995266.6392653,1785995271.4322467,100,4,craftsmanship,stop
60001888,1,completed,,1785995254.4622557,1785995266.6425848,1785995271.0700324,110,4,formal education,stop
60001891,1,completed,,1785995254.462258,1785995266.6459131,1785995271.318969,104,3,guru,stop
60001894,1,completed,,1785995254.4622605,1785995266.6492343,1785995271.505724,109,16,"gurus, mullahs, rabbis, pastors/youth pastors",stop
60001896,1,completed,,1785995254.462263,1785995266.8444564,1785995271.9862378,126,3,paid professionals,stop
60001897,1,completed,,1785995254.4622674,1785995266.8494687,1785995271.9936059,127,3,Chartered,stop
60001898,1,completed,,1785995254.462272,1785995266.8544176,1785995272.0527256,131,5,in the wider community,stop
60001900,1,completed,,1785995254.4622746,1785995266.8593485,1785995271.8226826,121,3,school functions,stop
60001902,1,completed,,1785995254.462277,1785995266.8642814,1785995271.9490657,129,6,extracurricular activities,stop
60001904,1,completed,,1785995254.4622793,1785995266.8692036,1785995272.0349133,122,4,teacher's colleges,stop
60001908,1,completed,,1785995254.462282,1785995266.8741324,1785995271.4981468,125,5,standards of practice,stop
60001909,1,completed,,1785995254.4622843,1785995266.8790584,1785995271.5428836,192,2,members,stop
60001913,1,completed,,1785995254.462287,1785995266.883993,1785995272.0651593,191,4,Teacher's colleges,stop
60001914,1,completed,,1785995254.4622896,1785995266.8889189,1785995271.9791543,104,3,outdoors,stop
60001915,1,completed,,1785995254.462292,1785995266.893827,1785995271.9986646,104,3,tutor,stop
60001916,1,completed,,1785995254.4622986,1785995266.8987331,1785995271.5004957,105,3,academy,stop
60001917,1,completed,,1785995254.462301,1785995266.9043016,1785995272.1705902,101,6,facilitate student learning,stop
60001918,1,completed,,1785995254.4623034,1785995266.9092886,1785995271.82122,193,3,informal,stop
60001919,1,completed,,1785995254.4623058,1785995266.914244,1785995271.9637449,194,4,pedagogy,stop
60001921,1,completed,,1785995254.4623084,1785995266.9191773,1785995271.6964433,197,6,the increasing use of technology,stop
60001924,1,completed,,1785995254.462311,1785995266.9241219,1785995271.5748277,123,3,relevant authority,stop
60001925,1,completed,,1785995254.4623132,1785995266.929039,1785995271.8190742,122,3,learning disabilities,stop
60001927,1,completed,,1785995254.4623158,1785995266.9339495,1785995271.6378608,124,5,standardized curricula,stop
60001930,1,completed,,1785995254.4623184,1785995266.9388714,1785995271.8250844,293,3,encourage,stop
60001933,1,completed,,1785995254.4623208,1785995266.9438057,1785995272.2029045,173,16,The relationship between children and their teachers tends to be closer in primary school.,stop
60001939,1,completed,,1785995254.4623234,1785995266.948724,1785995271.9062483,180,4,Platoon system,stop
60001941,1,completed,,1785995254.462326,1785995266.9536371,1785995271.8545785,179,3,specialized,stop
60001943,1,completed,,1785995254.4623306,1785995266.9585564,1785995272.0250077,139,4,Co-teaching,stop
60001944,1,completed,,1785995254.4623334,1785995266.9634821,1785995271.976864,142,4,two or more,stop
60001945,1,completed,,1785995254.462336,1785995266.9684033,1785995271.6257148,143,2,learning,stop
60001946,1,completed,,1785995254.4623382,1785995266.973322,1785995272.0890565,147,6,create a climate of learning,stop
60001947,1,completed,,1785995254.4623408,1785995266.9783442,1785995272.109636,141,4,social networking support,stop
60001948,1,completed,,1785995254.4623435,1785995266.9832778,1785995272.1026657,110,5,corporal punishment,stop
60001949,1,completed,,1785995254.46235,1785995266.9882023,1785995271.9351153,114,4,substitute parent,stop
60001952,1,completed,,1785995254.4623528,1785995266.9931216,1785995272.0222113,113,8,While a child was in school.,stop
60001956,1,completed,,1785995254.462355,1785995266.998033,1785995271.9658535,159,4,US Supreme Court,stop
60001957,1,completed,,1785995254.4623597,1785995267.0029573,1785995271.8242557,155,3,physical pain,stop
60001958,1,completed,,1785995254.462362,1785995267.0078833,1785995271.8516116,183,3,30,stop
60001963,1,completed,,1785995254.4623647,1785995267.012797,1785995271.9316714,99,3,caning,stop
60001964,1,completed,,1785995254.4623673,1785995267.0177064,1785995272.1537879,99,8,"Asian, African and Caribbean countries.",stop
60001965,1,completed,,1785995254.4623697,1785995267.3272562,1785995268.4887278,100,5,School corporal punishment,stop
60001966,1,completed,,1785995254.4623723,1785995267.3838503,1785995269.0769472,163,3,detention,stop
60001967,1,completed,,1785995254.462375,1785995267.3910081,1785995269.2465625,166,3,detention,stop
60001970,1,completed,,1785995254.4623775,1785995267.3981647,1785995269.9138167,169,4,punishment essay,stop
60001973,1,completed,,1785995254.46238,1785995267.4052813,1785995271.961657,153,5,"firm, clear boundaries",stop
60001974,1,completed,,1785995254.4623826,1785995267.4123762,1785995272.1615953,150,10,sarcasm and attempts to humiliate pupils,stop
60001979,1,completed,,1785995254.4623852,1785995267.4194396,1785995272.1275697,157,6,assertive and confrontational,stop
60001980,1,completed,,1785995254.4624367,1785995267.4264987,1785995270.3927085,161,2,Japan,stop
60001982,1,completed,,1785995254.4624395,1785995267.433563,1785995271.5010736,164,2,Japan,stop
60001983,1,completed,,1785995254.462442,1785995267.4411268,1785995269.8163264,160,2,Japan,stop
60001988,1,completed,,1785995254.4624443,1785995267.4482505,1785995270.608068,165,4,motivated students,stop
60001989,1,completed,,1785995254.4624493,1785995267.4553282,1785995271.9723747,240,5,popularly based authority,stop
60001990,1,completed,,1785995254.462452,1785995267.4624062,1785995271.9680014,244,4,governments,stop
60001992,1,completed,,1785995254.4624546,1785995267.469491,1785995270.3752177,244,6,easier and more efficient,stop
60001993,1,completed,,1785995254.4624574,1785995267.4765503,1785995271.915976,243,4,rules and regulations,stop
60001994,1,completed,,1785995254.4624596,1785995267.48361,1785995270.2721732,215,4,enthusiasm,stop
60001996,1,completed,,1785995254.4624622,1785995267.490687,1785995271.9333766,209,6,teach by rote,stop
60001997,1,completed,,1785995254.4624646,1785995267.4977438,1785995271.46372,213,2,higher,stop
60001998,1,completed,,1785995254.462467,1785995267.5048196,1785995270.591169,182,3,Teacher enthusiasm,stop
60002004,1,completed,,1785995254.4624693,1785995267.5118825,1785995271.940523,225,4,Enthusiasm,stop
60002005,1,completed,,1785995254.462472,1785995267.51897,1785995271.8535614,228,5,emotional contagion,stop
60002006,1,completed,,1785995254.4624784,1785995267.526048,1785995271.9130445,228,3,Teacher enthusiasm,stop
60002007,1,completed,,1785995254.4624808,1785995267.5331984,1785995271.9001026,202,5,student-teacher relationships,stop
60002008,1,completed,,1785995254.4624834,1785995267.540283,1785995272.0466821,202,4,beneficial relations,stop
60002010,1,completed,,1785995254.462486,1785995267.547327,1785995271.7383478,202,10,aligning his personal goals with his academic goals,stop
60002014,1,completed,,1785995254.4624884,1785995267.5544193,1785995272.0378108,134,8,interacting and working directly with students,stop
60002016,1,completed,,1785995254.4624906,1785995267.5614805,1785995271.9471319,235,7,enthusiasm about the students,stop
60002020,1,completed,,1785995254.4624932,1785995267.568552,1785995271.923427,235,3,teaching,stop
60002021,1,completed,,1785995254.462496,1785995267.5756075,1785995271.3245304,145,3,sexual misconduct,stop
60002022,1,completed,,1785995254.4625008,1785995267.5826828,1785995271.3350837,148,5,9.6%,stop
60002027,1,completed,,1785995254.4625034,1785995267.5897603,1785995272.0857482,297,17,"a group that included priests, religious leaders, and case workers as well as teachers",stop
60002029,1,completed,,1785995254.462506,1785995267.5968177,1785995272.0824513,300,5,AAUW study,stop
60002030,1,completed,,1785995254.4625084,1785995267.603869,1785995271.970168,101,3,United States,stop
60002031,1,completed,,1785995254.462511,1785995267.6109164,1785995272.0167353,98,4,increased scrutiny,stop
60002032,1,completed,,1785995254.4625137,1785995267.6180685,1785995271.9266243,173,14,Fears of being labelled a pedophile or hebephile.,stop
60002034,1,completed,,1785995254.4625163,1785995267.6251454,1785995271.5160735,177,7,child protection and parental rights groups,stop
60002035,1,completed,,1785995254.4625185,1785995267.6322114,1785995272.165537,180,6,a shortage of male teachers,stop
60002036,1,completed,,1785995254.462521,1785995267.6392586,1785995271.8556345,181,4,sex offenders register,stop
60002037,1,completed,,1785995254.4625235,1785995267.6463103,1785995271.5460563,145,4,occupational stress,stop
60002038,1,completed,,1785995254.46253,1785995267.653378,1785995271.9838583,149,3,long hours,stop
60002044,1,completed,,1785995254.4625323,1785995267.6604261,1785995271.9575672,125,3,twice,stop
60002045,1,completed,,1785995254.462535,1785995267.6697114,1785995271.7985578,116,6,2012 study,stop
60002046,1,completed,,1785995254.4625375,1785995267.6798513,1785995271.6330872,122,3,average workers,stop
60002047,1,completed,,1785995254.4625401,1785995267.6869733,1785995271.9116302,139,2,5,stop
