schema_version,experiment_id,phase,repeat_index,job_id,server_version,pgvector_version,sample_index,sample_epoch_s,gpu_metrics_status,gpu_name,gpu_utilization_pct,gpu_memory_used_mib,gpu_memory_total_mib,gpu_power_w,vllm_metrics_status,vllm_num_requests_running,vllm_num_requests_waiting,vllm_kv_cache_usage_perc
1,vllm_eager_512_20260726,formal,2,1129,18.4 (Debian 18.4-1.pgdg12+1),0.8.2,0,1785064607.110567,snapshot,NVIDIA GeForce RTX 5070,1,11566,12227,41.61,ok,0,0,0.0
1,vllm_eager_512_20260726,formal,2,1129,18.4 (Debian 18.4-1.pgdg12+1),0.8.2,1,1785064607.4524038,snapshot,NVIDIA GeForce RTX 5070,1,11566,12227,41.61,ok,0,0,0.0
1,vllm_eager_512_20260726,formal,2,1129,18.4 (Debian 18.4-1.pgdg12+1),0.8.2,2,1785064607.793519,snapshot,NVIDIA GeForce RTX 5070,1,11566,12227,41.47,ok,0,0,0.0
1,vllm_eager_512_20260726,formal,2,1129,18.4 (Debian 18.4-1.pgdg12+1),0.8.2,3,1785064608.1340177,snapshot,NVIDIA GeForce RTX 5070,1,11566,12227,41.28,ok,0,0,0.0
1,vllm_eager_512_20260726,formal,2,1129,18.4 (Debian 18.4-1.pgdg12+1),0.8.2,4,1785064608.4800684,snapshot,NVIDIA GeForce RTX 5070,1,11566,12227,41.28,ok,0,0,0.0
1,vllm_eager_512_20260726,formal,2,1129,18.4 (Debian 18.4-1.pgdg12+1),0.8.2,5,1785064608.8216865,snapshot,NVIDIA GeForce RTX 5070,1,11583,12227,41.37,ok,0,0,0.0
1,vllm_eager_512_20260726,formal,2,1129,18.4 (Debian 18.4-1.pgdg12+1),0.8.2,6,1785064609.163094,snapshot,NVIDIA GeForce RTX 5070,3,11608,12227,41.92,ok,0,0,0.0
1,vllm_eager_512_20260726,formal,2,1129,18.4 (Debian 18.4-1.pgdg12+1),0.8.2,7,1785064609.5146248,snapshot,NVIDIA GeForce RTX 5070,3,11604,12227,42.28,ok,0,0,0.0
1,vllm_eager_512_20260726,formal,2,1129,18.4 (Debian 18.4-1.pgdg12+1),0.8.2,8,1785064609.879506,snapshot,NVIDIA GeForce RTX 5070,3,11601,12227,42.28,ok,0,0,0.0
1,vllm_eager_512_20260726,formal,2,1129,18.4 (Debian 18.4-1.pgdg12+1),0.8.2,9,1785064610.2216542,snapshot,NVIDIA GeForce RTX 5070,2,11601,12227,42.21,ok,8,0,0.0032583644599857298
1,vllm_eager_512_20260726,formal,2,1129,18.4 (Debian 18.4-1.pgdg12+1),0.8.2,10,1785064610.5408833,snapshot,NVIDIA GeForce RTX 5070,2,11601,12227,58.77,ok,16,0,0.0050067551458317094
1,vllm_eager_512_20260726,formal,2,1129,18.4 (Debian 18.4-1.pgdg12+1),0.8.2,11,1785064610.8850102,snapshot,NVIDIA GeForce RTX 5070,2,11601,12227,58.77,ok,19,0,0.006596201223873499
1,vllm_eager_512_20260726,formal,2,1129,18.4 (Debian 18.4-1.pgdg12+1),0.8.2,12,1785064611.2280715,snapshot,NVIDIA GeForce RTX 5070,89,11602,12227,79.90,ok,19,0,0.008106174998013138
1,vllm_eager_512_20260726,formal,2,1129,18.4 (Debian 18.4-1.pgdg12+1),0.8.2,13,1785064611.5566027,snapshot,NVIDIA GeForce RTX 5070,89,11602,12227,89.58,ok,18,0,0.009139314948740318
1,vllm_eager_512_20260726,formal,2,1129,18.4 (Debian 18.4-1.pgdg12+1),0.8.2,14,1785064611.8924086,snapshot,NVIDIA GeForce RTX 5070,89,11602,12227,89.58,ok,17,0,0.009377731860446659
1,vllm_eager_512_20260726,formal,2,1129,18.4 (Debian 18.4-1.pgdg12+1),0.8.2,15,1785064612.2393558,snapshot,NVIDIA GeForce RTX 5070,96,11601,12227,92.72,ok,17,0,0.010331399507271688
1,vllm_eager_512_20260726,formal,2,1129,18.4 (Debian 18.4-1.pgdg12+1),0.8.2,16,1785064612.5801744,snapshot,NVIDIA GeForce RTX 5070,96,11597,12227,88.93,ok,16,0,0.010649288722880068
1,vllm_eager_512_20260726,formal,2,1129,18.4 (Debian 18.4-1.pgdg12+1),0.8.2,17,1785064612.9018998,snapshot,NVIDIA GeForce RTX 5070,96,11597,12227,88.93,ok,15,0,0.011205594850194678
1,vllm_eager_512_20260726,formal,2,1129,18.4 (Debian 18.4-1.pgdg12+1),0.8.2,18,1785064613.2285502,snapshot,NVIDIA GeForce RTX 5070,97,11588,12227,79.40,ok,15,0,0.011761900977509288
1,vllm_eager_512_20260726,formal,2,1129,18.4 (Debian 18.4-1.pgdg12+1),0.8.2,19,1785064613.5905607,snapshot,NVIDIA GeForce RTX 5070,97,11591,12227,72.81,ok,15,0,0.012636096320432277
1,vllm_eager_512_20260726,formal,2,1129,18.4 (Debian 18.4-1.pgdg12+1),0.8.2,20,1785064613.934706,snapshot,NVIDIA GeForce RTX 5070,97,11592,12227,72.81,ok,15,0,0.013430819359453228
1,vllm_eager_512_20260726,formal,2,1129,18.4 (Debian 18.4-1.pgdg12+1),0.8.2,21,1785064614.2910852,snapshot,NVIDIA GeForce RTX 5070,95,11592,12227,72.81,ok,15,0,0.014146070094572027
1,vllm_eager_512_20260726,formal,2,1129,18.4 (Debian 18.4-1.pgdg12+1),0.8.2,22,1785064614.6312351,snapshot,NVIDIA GeForce RTX 5070,95,11592,12227,72.23,ok,15,0,0.015020265437495017
1,vllm_eager_512_20260726,formal,2,1129,18.4 (Debian 18.4-1.pgdg12+1),0.8.2,23,1785064614.955021,snapshot,NVIDIA GeForce RTX 5070,95,11592,12227,72.23,ok,15,0,0.015814988476515968
1,vllm_eager_512_20260726,formal,2,1129,18.4 (Debian 18.4-1.pgdg12+1),0.8.2,24,1785064615.2855744,snapshot,NVIDIA GeForce RTX 5070,97,11592,12227,74.73,ok,15,0,0.016291822299928427
1,vllm_eager_512_20260726,formal,2,1129,18.4 (Debian 18.4-1.pgdg12+1),0.8.2,25,1785064615.6272826,snapshot,NVIDIA GeForce RTX 5070,97,11593,12227,73.25,ok,15,0,0.017166017642851417
1,vllm_eager_512_20260726,formal,2,1129,18.4 (Debian 18.4-1.pgdg12+1),0.8.2,26,1785064615.9700513,snapshot,NVIDIA GeForce RTX 5070,97,11593,12227,73.25,ok,15,0,0.017642851466263987
1,vllm_eager_512_20260726,formal,2,1129,18.4 (Debian 18.4-1.pgdg12+1),0.8.2,27,1785064616.3131156,snapshot,NVIDIA GeForce RTX 5070,97,11588,12227,71.39,ok,15,0,0.018358102201382787
1,vllm_eager_512_20260726,formal,2,1129,18.4 (Debian 18.4-1.pgdg12+1),0.8.2,28,1785064616.6520302,snapshot,NVIDIA GeForce RTX 5070,97,11587,12227,71.57,ok,15,0,0.019073352936501586
1,vllm_eager_512_20260726,formal,2,1129,18.4 (Debian 18.4-1.pgdg12+1),0.8.2,29,1785064616.9945855,snapshot,NVIDIA GeForce RTX 5070,97,11587,12227,71.57,ok,15,0,0.019947548279424576
1,vllm_eager_512_20260726,formal,2,1129,18.4 (Debian 18.4-1.pgdg12+1),0.8.2,30,1785064617.3373334,snapshot,NVIDIA GeForce RTX 5070,95,11587,12227,74.25,ok,15,0,0.020742271318445527
1,vllm_eager_512_20260726,formal,2,1129,18.4 (Debian 18.4-1.pgdg12+1),0.8.2,31,1785064617.698052,snapshot,NVIDIA GeForce RTX 5070,95,11587,12227,74.71,ok,15,0,0.021775411269172706
1,vllm_eager_512_20260726,formal,2,1129,18.4 (Debian 18.4-1.pgdg12+1),0.8.2,32,1785064618.019011,snapshot,NVIDIA GeForce RTX 5070,97,11587,12227,74.56,ok,15,0,0.022331717396487316
1,vllm_eager_512_20260726,formal,2,1129,18.4 (Debian 18.4-1.pgdg12+1),0.8.2,33,1785064618.3465536,snapshot,NVIDIA GeForce RTX 5070,97,11586,12227,74.56,ok,14,0,0.021775411269172706
1,vllm_eager_512_20260726,formal,2,1129,18.4 (Debian 18.4-1.pgdg12+1),0.8.2,34,1785064618.6939795,snapshot,NVIDIA GeForce RTX 5070,97,11582,12227,75.92,ok,14,0,0.022490662004291506
1,vllm_eager_512_20260726,formal,2,1129,18.4 (Debian 18.4-1.pgdg12+1),0.8.2,35,1785064619.0334072,snapshot,NVIDIA GeForce RTX 5070,97,11582,12227,74.08,ok,14,0,0.023126440435508266
1,vllm_eager_512_20260726,formal,2,1129,18.4 (Debian 18.4-1.pgdg12+1),0.8.2,36,1785064619.379879,snapshot,NVIDIA GeForce RTX 5070,97,11582,12227,74.08,ok,14,0,0.023841691170627066
1,vllm_eager_512_20260726,formal,2,1129,18.4 (Debian 18.4-1.pgdg12+1),0.8.2,37,1785064619.7013443,snapshot,NVIDIA GeForce RTX 5070,97,11582,12227,72.74,ok,14,0,0.024397997297941676
1,vllm_eager_512_20260726,formal,2,1129,18.4 (Debian 18.4-1.pgdg12+1),0.8.2,38,1785064620.0295007,snapshot,NVIDIA GeForce RTX 5070,97,11584,12227,71.11,ok,14,0,0.025113248033060476
1,vllm_eager_512_20260726,formal,2,1129,18.4 (Debian 18.4-1.pgdg12+1),0.8.2,39,1785064620.3729475,snapshot,NVIDIA GeForce RTX 5070,97,11584,12227,71.11,ok,14,0,0.025510609552570895
1,vllm_eager_512_20260726,formal,2,1129,18.4 (Debian 18.4-1.pgdg12+1),0.8.2,40,1785064620.7158272,snapshot,NVIDIA GeForce RTX 5070,97,11584,12227,69.99,ok,14,0,0.024556941905745866
1,vllm_eager_512_20260726,formal,2,1129,18.4 (Debian 18.4-1.pgdg12+1),0.8.2,41,1785064621.0556896,snapshot,NVIDIA GeForce RTX 5070,96,11584,12227,73.00,ok,14,0,0.025272192640864666
1,vllm_eager_512_20260726,formal,2,1129,18.4 (Debian 18.4-1.pgdg12+1),0.8.2,42,1785064621.4045181,snapshot,NVIDIA GeForce RTX 5070,96,11584,12227,73.00,ok,14,0,0.025987443375983466
1,vllm_eager_512_20260726,formal,2,1129,18.4 (Debian 18.4-1.pgdg12+1),0.8.2,43,1785064621.7256804,snapshot,NVIDIA GeForce RTX 5070,96,11584,12227,74.67,ok,13,0,0.024715886513550056
1,vllm_eager_512_20260726,formal,2,1129,18.4 (Debian 18.4-1.pgdg12+1),0.8.2,44,1785064622.0514336,snapshot,NVIDIA GeForce RTX 5070,97,11584,12227,73.59,ok,13,0,0.025113248033060476
1,vllm_eager_512_20260726,formal,2,1129,18.4 (Debian 18.4-1.pgdg12+1),0.8.2,45,1785064622.3963883,snapshot,NVIDIA GeForce RTX 5070,97,11584,12227,73.59,ok,12,0,0.023762218866724916
1,vllm_eager_512_20260726,formal,2,1129,18.4 (Debian 18.4-1.pgdg12+1),0.8.2,46,1785064622.7537293,snapshot,NVIDIA GeForce RTX 5070,97,11584,12227,72.12,ok,12,0,0.024477469601843715
1,vllm_eager_512_20260726,formal,2,1129,18.4 (Debian 18.4-1.pgdg12+1),0.8.2,47,1785064623.07745,snapshot,NVIDIA GeForce RTX 5070,97,11584,12227,73.17,ok,12,0,0.024874831121354246
1,vllm_eager_512_20260726,formal,2,1129,18.4 (Debian 18.4-1.pgdg12+1),0.8.2,48,1785064623.4082181,snapshot,NVIDIA GeForce RTX 5070,97,11595,12227,73.17,ok,11,0,0.023523801955018686
1,vllm_eager_512_20260726,formal,2,1129,18.4 (Debian 18.4-1.pgdg12+1),0.8.2,49,1785064623.7502933,snapshot,NVIDIA GeForce RTX 5070,97,11600,12227,72.43,ok,10,0,0.021854883573074746
1,vllm_eager_512_20260726,formal,2,1129,18.4 (Debian 18.4-1.pgdg12+1),0.8.2,50,1785064624.092204,snapshot,NVIDIA GeForce RTX 5070,72,11600,12227,77.47,ok,10,0,0.022967495827704076
1,vllm_eager_512_20260726,formal,2,1129,18.4 (Debian 18.4-1.pgdg12+1),0.8.2,51,1785064624.4143744,snapshot,NVIDIA GeForce RTX 5070,72,11600,12227,77.47,ok,9,0,0.021775411269172706
1,vllm_eager_512_20260726,formal,2,1129,18.4 (Debian 18.4-1.pgdg12+1),0.8.2,52,1785064624.759881,snapshot,NVIDIA GeForce RTX 5070,72,11600,12227,93.51,ok,8,0,0.018119685289676557
1,vllm_eager_512_20260726,formal,2,1129,18.4 (Debian 18.4-1.pgdg12+1),0.8.2,53,1785064625.1161282,snapshot,NVIDIA GeForce RTX 5070,97,11600,12227,103.37,ok,10,0,0.021775411269172706
1,vllm_eager_512_20260726,formal,2,1129,18.4 (Debian 18.4-1.pgdg12+1),0.8.2,54,1785064625.470128,snapshot,NVIDIA GeForce RTX 5070,97,11600,12227,103.37,ok,6,0,0.016927600731145187
1,vllm_eager_512_20260726,formal,2,1129,18.4 (Debian 18.4-1.pgdg12+1),0.8.2,55,1785064625.829767,snapshot,NVIDIA GeForce RTX 5070,97,11611,12227,105.91,ok,8,0,0.023523801955018686
1,vllm_eager_512_20260726,formal,2,1129,18.4 (Debian 18.4-1.pgdg12+1),0.8.2,56,1785064626.1689696,snapshot,NVIDIA GeForce RTX 5070,77,11611,12227,101.11,ok,9,0,0.033934673766192525
1,vllm_eager_512_20260726,formal,2,1129,18.4 (Debian 18.4-1.pgdg12+1),0.8.2,57,1785064626.4900525,snapshot,NVIDIA GeForce RTX 5070,77,11611,12227,101.11,ok,9,0,0.04045140268616387
1,vllm_eager_512_20260726,formal,2,1129,18.4 (Debian 18.4-1.pgdg12+1),0.8.2,58,1785064626.8496146,snapshot,NVIDIA GeForce RTX 5070,77,11620,12227,103.22,ok,9,0,0.0414050703329889
1,vllm_eager_512_20260726,formal,2,1129,18.4 (Debian 18.4-1.pgdg12+1),0.8.2,59,1785064627.1741147,snapshot,NVIDIA GeForce RTX 5070,78,11622,12227,103.64,ok,8,0,0.029166335532067045
1,vllm_eager_512_20260726,formal,2,1129,18.4 (Debian 18.4-1.pgdg12+1),0.8.2,60,1785064627.5018303,snapshot,NVIDIA GeForce RTX 5070,78,11622,12227,101.40,ok,9,0,0.030358420090598415
1,vllm_eager_512_20260726,formal,2,1129,18.4 (Debian 18.4-1.pgdg12+1),0.8.2,61,1785064627.8454845,snapshot,NVIDIA GeForce RTX 5070,78,11621,12227,101.40,ok,9,0,0.031312087737423555
1,vllm_eager_512_20260726,formal,2,1129,18.4 (Debian 18.4-1.pgdg12+1),0.8.2,62,1785064628.1723,snapshot,NVIDIA GeForce RTX 5070,92,11621,12227,100.49,ok,9,0,0.026941111022808606
1,vllm_eager_512_20260726,formal,2,1129,18.4 (Debian 18.4-1.pgdg12+1),0.8.2,63,1785064628.4968538,snapshot,NVIDIA GeForce RTX 5070,92,11621,12227,100.49,ok,9,0,0.028133195581339865
1,vllm_eager_512_20260726,formal,2,1129,18.4 (Debian 18.4-1.pgdg12+1),0.8.2,64,1785064628.8253908,snapshot,NVIDIA GeForce RTX 5070,92,11711,12227,103.42,ok,9,0,0.028689501708654586
1,vllm_eager_512_20260726,formal,2,1129,18.4 (Debian 18.4-1.pgdg12+1),0.8.2,65,1785064629.1491323,snapshot,NVIDIA GeForce RTX 5070,93,11719,12227,98.41,ok,9,0,0.029245807835969195
1,vllm_eager_512_20260726,formal,2,1129,18.4 (Debian 18.4-1.pgdg12+1),0.8.2,66,1785064629.4738169,snapshot,NVIDIA GeForce RTX 5070,93,11705,12227,98.41,ok,9,0,0.029961058571087995
1,vllm_eager_512_20260726,formal,2,1129,18.4 (Debian 18.4-1.pgdg12+1),0.8.2,67,1785064629.8228664,snapshot,NVIDIA GeForce RTX 5070,93,11709,12227,84.38,ok,9,0,0.024000635778431256
1,vllm_eager_512_20260726,formal,2,1129,18.4 (Debian 18.4-1.pgdg12+1),0.8.2,68,1785064630.1429422,snapshot,NVIDIA GeForce RTX 5070,95,11696,12227,87.83,ok,9,0,0.025033775729158436
1,vllm_eager_512_20260726,formal,2,1129,18.4 (Debian 18.4-1.pgdg12+1),0.8.2,69,1785064630.469715,snapshot,NVIDIA GeForce RTX 5070,95,11686,12227,87.83,ok,8,0,0.019152825240403737
1,vllm_eager_512_20260726,formal,2,1129,18.4 (Debian 18.4-1.pgdg12+1),0.8.2,70,1785064630.8035436,snapshot,NVIDIA GeForce RTX 5070,95,11685,12227,94.77,ok,8,0,0.017642851466263987
1,vllm_eager_512_20260726,formal,2,1129,18.4 (Debian 18.4-1.pgdg12+1),0.8.2,71,1785064631.1267292,snapshot,NVIDIA GeForce RTX 5070,87,11685,12227,97.33,ok,8,0,0.018596519113089127
1,vllm_eager_512_20260726,formal,2,1129,18.4 (Debian 18.4-1.pgdg12+1),0.8.2,72,1785064631.4704332,snapshot,NVIDIA GeForce RTX 5070,87,11685,12227,97.33,ok,8,0,0.019470714456012117
1,vllm_eager_512_20260726,formal,2,1129,18.4 (Debian 18.4-1.pgdg12+1),0.8.2,73,1785064631.809774,snapshot,NVIDIA GeForce RTX 5070,87,11725,12227,98.26,ok,8,0,0.019947548279424576
1,vllm_eager_512_20260726,formal,2,1129,18.4 (Debian 18.4-1.pgdg12+1),0.8.2,74,1785064632.1497843,snapshot,NVIDIA GeForce RTX 5070,96,11714,12227,88.50,ok,8,0,0.019311769848207927
1,vllm_eager_512_20260726,formal,2,1129,18.4 (Debian 18.4-1.pgdg12+1),0.8.2,75,1785064632.492838,snapshot,NVIDIA GeForce RTX 5070,96,11705,12227,88.50,ok,8,0,0.019709131367718347
1,vllm_eager_512_20260726,formal,2,1129,18.4 (Debian 18.4-1.pgdg12+1),0.8.2,76,1785064632.8403661,snapshot,NVIDIA GeForce RTX 5070,96,11701,12227,79.85,ok,8,0,0.020027020583326727
1,vllm_eager_512_20260726,formal,2,1129,18.4 (Debian 18.4-1.pgdg12+1),0.8.2,77,1785064633.1649282,snapshot,NVIDIA GeForce RTX 5070,97,11656,12227,74.20,ok,8,0,0.020583326710641336
1,vllm_eager_512_20260726,formal,2,1129,18.4 (Debian 18.4-1.pgdg12+1),0.8.2,78,1785064633.483588,snapshot,NVIDIA GeForce RTX 5070,97,11709,12227,74.20,ok,8,0,0.021219105141858097
1,vllm_eager_512_20260726,formal,2,1129,18.4 (Debian 18.4-1.pgdg12+1),0.8.2,79,1785064633.8096583,snapshot,NVIDIA GeForce RTX 5070,97,11711,12227,76.54,ok,8,0,0.021378049749662287
1,vllm_eager_512_20260726,formal,2,1129,18.4 (Debian 18.4-1.pgdg12+1),0.8.2,80,1785064634.1568074,snapshot,NVIDIA GeForce RTX 5070,97,11710,12227,76.01,ok,8,0,0.010092982595565458
1,vllm_eager_512_20260726,formal,2,1129,18.4 (Debian 18.4-1.pgdg12+1),0.8.2,81,1785064634.491211,snapshot,NVIDIA GeForce RTX 5070,97,11695,12227,76.01,ok,11,0,0.013430819359453228
1,vllm_eager_512_20260726,formal,2,1129,18.4 (Debian 18.4-1.pgdg12+1),0.8.2,82,1785064634.838977,snapshot,NVIDIA GeForce RTX 5070,97,11702,12227,75.14,ok,11,0,0.014066597790669988
1,vllm_eager_512_20260726,formal,2,1129,18.4 (Debian 18.4-1.pgdg12+1),0.8.2,83,1785064635.162139,snapshot,NVIDIA GeForce RTX 5070,97,11695,12227,74.88,ok,11,0,0.014543431614082447
1,vllm_eager_512_20260726,formal,2,1129,18.4 (Debian 18.4-1.pgdg12+1),0.8.2,84,1785064635.4900753,snapshot,NVIDIA GeForce RTX 5070,97,11691,12227,74.88,ok,11,0,0.014940793133592978
1,vllm_eager_512_20260726,formal,2,1129,18.4 (Debian 18.4-1.pgdg12+1),0.8.2,85,1785064635.8320105,snapshot,NVIDIA GeForce RTX 5070,97,11694,12227,72.67,ok,11,0,0.014066597790669988
1,vllm_eager_512_20260726,formal,2,1129,18.4 (Debian 18.4-1.pgdg12+1),0.8.2,86,1785064636.1616156,snapshot,NVIDIA GeForce RTX 5070,97,11694,12227,71.73,ok,11,0,0.014543431614082447
1,vllm_eager_512_20260726,formal,2,1129,18.4 (Debian 18.4-1.pgdg12+1),0.8.2,87,1785064636.4869266,snapshot,NVIDIA GeForce RTX 5070,97,11694,12227,71.73,ok,11,0,0.015099737741397168
1,vllm_eager_512_20260726,formal,2,1129,18.4 (Debian 18.4-1.pgdg12+1),0.8.2,88,1785064636.812984,snapshot,NVIDIA GeForce RTX 5070,97,11697,12227,71.79,ok,11,0,0.015576571564809627
1,vllm_eager_512_20260726,formal,2,1129,18.4 (Debian 18.4-1.pgdg12+1),0.8.2,89,1785064637.1765146,snapshot,NVIDIA GeForce RTX 5070,96,11696,12227,72.24,ok,10,0,0.014702376221886637
1,vllm_eager_512_20260726,formal,2,1129,18.4 (Debian 18.4-1.pgdg12+1),0.8.2,90,1785064637.514495,snapshot,NVIDIA GeForce RTX 5070,96,11696,12227,73.32,ok,10,0,0.015099737741397168
1,vllm_eager_512_20260726,formal,2,1129,18.4 (Debian 18.4-1.pgdg12+1),0.8.2,91,1785064637.839769,snapshot,NVIDIA GeForce RTX 5070,96,11696,12227,73.32,ok,10,0,0.015656043868711778
1,vllm_eager_512_20260726,formal,2,1129,18.4 (Debian 18.4-1.pgdg12+1),0.8.2,92,1785064638.1706886,snapshot,NVIDIA GeForce RTX 5070,97,11671,12227,72.97,ok,10,0,0.016291822299928427
1,vllm_eager_512_20260726,formal,2,1129,18.4 (Debian 18.4-1.pgdg12+1),0.8.2,93,1785064638.493061,snapshot,NVIDIA GeForce RTX 5070,97,11670,12227,72.97,ok,10,0,0.016609711515536807
1,vllm_eager_512_20260726,formal,2,1129,18.4 (Debian 18.4-1.pgdg12+1),0.8.2,94,1785064638.838064,snapshot,NVIDIA GeForce RTX 5070,97,11674,12227,73.13,ok,9,0,0.013510291663355267
1,vllm_eager_512_20260726,formal,2,1129,18.4 (Debian 18.4-1.pgdg12+1),0.8.2,95,1785064639.1960883,snapshot,NVIDIA GeForce RTX 5070,97,11664,12227,73.63,ok,9,0,0.012477151712628198
1,vllm_eager_512_20260726,formal,2,1129,18.4 (Debian 18.4-1.pgdg12+1),0.8.2,96,1785064639.5544124,snapshot,NVIDIA GeForce RTX 5070,97,11651,12227,71.91,ok,10,0,0.010649288722880068
1,vllm_eager_512_20260726,formal,2,1129,18.4 (Debian 18.4-1.pgdg12+1),0.8.2,97,1785064639.8924298,snapshot,NVIDIA GeForce RTX 5070,97,11658,12227,71.91,ok,10,0,0.011285067154096828
1,vllm_eager_512_20260726,formal,2,1129,18.4 (Debian 18.4-1.pgdg12+1),0.8.2,98,1785064640.23685,snapshot,NVIDIA GeForce RTX 5070,97,11651,12227,70.56,ok,10,0,0.011682428673607248
1,vllm_eager_512_20260726,formal,2,1129,18.4 (Debian 18.4-1.pgdg12+1),0.8.2,99,1785064640.5747983,snapshot,NVIDIA GeForce RTX 5070,97,11647,12227,71.90,ok,10,0,0.010331399507271688
1,vllm_eager_512_20260726,formal,2,1129,18.4 (Debian 18.4-1.pgdg12+1),0.8.2,100,1785064640.9020975,snapshot,NVIDIA GeForce RTX 5070,97,11651,12227,71.90,ok,10,0,0.010569816418978029
1,vllm_eager_512_20260726,formal,2,1129,18.4 (Debian 18.4-1.pgdg12+1),0.8.2,101,1785064641.2286334,snapshot,NVIDIA GeForce RTX 5070,97,11651,12227,70.67,ok,10,0,0.010967177938488448
1,vllm_eager_512_20260726,formal,2,1129,18.4 (Debian 18.4-1.pgdg12+1),0.8.2,102,1785064641.5549123,snapshot,NVIDIA GeForce RTX 5070,97,11658,12227,70.24,ok,10,0,0.011285067154096828
1,vllm_eager_512_20260726,formal,2,1129,18.4 (Debian 18.4-1.pgdg12+1),0.8.2,103,1785064641.8977618,snapshot,NVIDIA GeForce RTX 5070,97,11658,12227,70.24,ok,10,0,0.011920845585313478
1,vllm_eager_512_20260726,formal,2,1129,18.4 (Debian 18.4-1.pgdg12+1),0.8.2,104,1785064642.2415483,snapshot,NVIDIA GeForce RTX 5070,97,11658,12227,71.80,ok,10,0,0.012238734800921858
1,vllm_eager_512_20260726,formal,2,1129,18.4 (Debian 18.4-1.pgdg12+1),0.8.2,105,1785064642.5651844,snapshot,NVIDIA GeForce RTX 5070,97,11658,12227,70.60,ok,10,0,0.012715568624334428
1,vllm_eager_512_20260726,formal,2,1129,18.4 (Debian 18.4-1.pgdg12+1),0.8.2,106,1785064642.8867612,snapshot,NVIDIA GeForce RTX 5070,97,11658,12227,70.60,ok,10,0,0.013112930143844848
1,vllm_eager_512_20260726,formal,2,1129,18.4 (Debian 18.4-1.pgdg12+1),0.8.2,107,1785064643.2484162,snapshot,NVIDIA GeForce RTX 5070,97,11658,12227,69.41,ok,11,0,0.013351347055551188
1,vllm_eager_512_20260726,formal,2,1129,18.4 (Debian 18.4-1.pgdg12+1),0.8.2,108,1785064643.5908709,snapshot,NVIDIA GeForce RTX 5070,97,11658,12227,71.17,ok,11,0,0.013987125486767837
1,vllm_eager_512_20260726,formal,2,1129,18.4 (Debian 18.4-1.pgdg12+1),0.8.2,109,1785064643.9127803,snapshot,NVIDIA GeForce RTX 5070,97,11658,12227,71.17,ok,11,0,0.014225542398474178
1,vllm_eager_512_20260726,formal,2,1129,18.4 (Debian 18.4-1.pgdg12+1),0.8.2,110,1785064644.2616062,snapshot,NVIDIA GeForce RTX 5070,96,11652,12227,71.87,ok,15,0,0.018437574505284937
1,vllm_eager_512_20260726,formal,2,1129,18.4 (Debian 18.4-1.pgdg12+1),0.8.2,111,1785064644.5839446,snapshot,NVIDIA GeForce RTX 5070,96,11652,12227,68.67,ok,15,0,0.018596519113089127
1,vllm_eager_512_20260726,formal,2,1129,18.4 (Debian 18.4-1.pgdg12+1),0.8.2,112,1785064644.9087393,snapshot,NVIDIA GeForce RTX 5070,96,11652,12227,68.67,ok,15,0,0.019073352936501586
1,vllm_eager_512_20260726,formal,2,1129,18.4 (Debian 18.4-1.pgdg12+1),0.8.2,113,1785064645.272486,snapshot,NVIDIA GeForce RTX 5070,97,11658,12227,69.28,ok,17,0,0.018358102201382787
1,vllm_eager_512_20260726,formal,2,1129,18.4 (Debian 18.4-1.pgdg12+1),0.8.2,114,1785064645.6309073,snapshot,NVIDIA GeForce RTX 5070,97,11658,12227,72.74,ok,15,0,0.017563379162361947
1,vllm_eager_512_20260726,formal,2,1129,18.4 (Debian 18.4-1.pgdg12+1),0.8.2,115,1785064645.9562466,snapshot,NVIDIA GeForce RTX 5070,97,11652,12227,72.74,ok,15,0,0.018199157593578597
1,vllm_eager_512_20260726,formal,2,1129,18.4 (Debian 18.4-1.pgdg12+1),0.8.2,116,1785064646.2829394,snapshot,NVIDIA GeForce RTX 5070,97,11660,12227,74.98,ok,15,0,0.018755463720893317
1,vllm_eager_512_20260726,formal,2,1129,18.4 (Debian 18.4-1.pgdg12+1),0.8.2,117,1785064646.6068668,snapshot,NVIDIA GeForce RTX 5070,97,11666,12227,71.28,ok,15,0,0.019311769848207927
1,vllm_eager_512_20260726,formal,2,1129,18.4 (Debian 18.4-1.pgdg12+1),0.8.2,118,1785064646.9486496,snapshot,NVIDIA GeForce RTX 5070,97,11666,12227,71.28,ok,14,0,0.019311769848207927
1,vllm_eager_512_20260726,formal,2,1129,18.4 (Debian 18.4-1.pgdg12+1),0.8.2,119,1785064647.2904794,snapshot,NVIDIA GeForce RTX 5070,97,11660,12227,70.24,ok,14,0,0.020027020583326727
1,vllm_eager_512_20260726,formal,2,1129,18.4 (Debian 18.4-1.pgdg12+1),0.8.2,120,1785064647.617462,snapshot,NVIDIA GeForce RTX 5070,97,11660,12227,72.20,ok,14,0,0.020503854406739297
1,vllm_eager_512_20260726,formal,2,1129,18.4 (Debian 18.4-1.pgdg12+1),0.8.2,121,1785064647.94927,snapshot,NVIDIA GeForce RTX 5070,97,11666,12227,72.20,ok,15,0,0.023205912739410306
1,vllm_eager_512_20260726,formal,2,1129,18.4 (Debian 18.4-1.pgdg12+1),0.8.2,122,1785064648.2691216,snapshot,NVIDIA GeForce RTX 5070,99,11598,12227,70.92,ok,15,0,0.023205912739410306
1,vllm_eager_512_20260726,formal,2,1129,18.4 (Debian 18.4-1.pgdg12+1),0.8.2,123,1785064648.5930765,snapshot,NVIDIA GeForce RTX 5070,99,11585,12227,67.99,ok,14,0,0.018755463720893317
1,vllm_eager_512_20260726,formal,2,1129,18.4 (Debian 18.4-1.pgdg12+1),0.8.2,124,1785064648.915161,snapshot,NVIDIA GeForce RTX 5070,99,11592,12227,67.99,ok,14,0,0.016768656123340997
1,vllm_eager_512_20260726,formal,2,1129,18.4 (Debian 18.4-1.pgdg12+1),0.8.2,125,1785064649.2450714,snapshot,NVIDIA GeForce RTX 5070,97,11592,12227,68.72,ok,13,0,0.017007073035047338
1,vllm_eager_512_20260726,formal,2,1129,18.4 (Debian 18.4-1.pgdg12+1),0.8.2,126,1785064649.5914617,snapshot,NVIDIA GeForce RTX 5070,97,11592,12227,71.43,ok,14,0,0.017881268377970327
1,vllm_eager_512_20260726,formal,2,1129,18.4 (Debian 18.4-1.pgdg12+1),0.8.2,127,1785064649.929614,snapshot,NVIDIA GeForce RTX 5070,97,11592,12227,71.43,ok,14,0,0.018834936024795357
1,vllm_eager_512_20260726,formal,2,1129,18.4 (Debian 18.4-1.pgdg12+1),0.8.2,128,1785064650.2929158,snapshot,NVIDIA GeForce RTX 5070,97,11592,12227,72.18,ok,14,0,0.019470714456012117
1,vllm_eager_512_20260726,formal,2,1129,18.4 (Debian 18.4-1.pgdg12+1),0.8.2,129,1785064650.6131134,snapshot,NVIDIA GeForce RTX 5070,97,11594,12227,72.59,ok,14,0,0.020027020583326727
1,vllm_eager_512_20260726,formal,2,1129,18.4 (Debian 18.4-1.pgdg12+1),0.8.2,130,1785064650.943208,snapshot,NVIDIA GeForce RTX 5070,97,11592,12227,72.59,ok,14,0,0.020662799014543487
1,vllm_eager_512_20260726,formal,2,1129,18.4 (Debian 18.4-1.pgdg12+1),0.8.2,131,1785064651.2886245,snapshot,NVIDIA GeForce RTX 5070,96,11592,12227,72.64,ok,14,0,0.021219105141858097
1,vllm_eager_512_20260726,formal,2,1129,18.4 (Debian 18.4-1.pgdg12+1),0.8.2,132,1785064651.6308281,snapshot,NVIDIA GeForce RTX 5070,96,11585,12227,72.58,ok,15,0,0.019788603671620386
1,vllm_eager_512_20260726,formal,2,1129,18.4 (Debian 18.4-1.pgdg12+1),0.8.2,133,1785064651.954442,snapshot,NVIDIA GeForce RTX 5070,96,11586,12227,72.58,ok,15,0,0.020424382102837146
1,vllm_eager_512_20260726,formal,2,1129,18.4 (Debian 18.4-1.pgdg12+1),0.8.2,134,1785064652.2991085,snapshot,NVIDIA GeForce RTX 5070,97,11586,12227,69.82,ok,15,0,0.020980688230151756
1,vllm_eager_512_20260726,formal,2,1129,18.4 (Debian 18.4-1.pgdg12+1),0.8.2,135,1785064652.6399763,snapshot,NVIDIA GeForce RTX 5070,97,11592,12227,69.90,ok,15,0,0.021775411269172706
1,vllm_eager_512_20260726,formal,2,1129,18.4 (Debian 18.4-1.pgdg12+1),0.8.2,136,1785064652.9825659,snapshot,NVIDIA GeForce RTX 5070,97,11592,12227,69.90,ok,14,0,0.022013828180878936
1,vllm_eager_512_20260726,formal,2,1129,18.4 (Debian 18.4-1.pgdg12+1),0.8.2,137,1785064653.324631,snapshot,NVIDIA GeForce RTX 5070,97,11592,12227,71.05,ok,15,0,0.024318524994039525
1,vllm_eager_512_20260726,formal,2,1129,18.4 (Debian 18.4-1.pgdg12+1),0.8.2,138,1785064653.6471875,snapshot,NVIDIA GeForce RTX 5070,97,11592,12227,72.25,ok,15,0,0.025113248033060476
1,vllm_eager_512_20260726,formal,2,1129,18.4 (Debian 18.4-1.pgdg12+1),0.8.2,139,1785064653.9714084,snapshot,NVIDIA GeForce RTX 5070,97,11586,12227,72.25,ok,14,0,0.025510609552570895
1,vllm_eager_512_20260726,formal,2,1129,18.4 (Debian 18.4-1.pgdg12+1),0.8.2,140,1785064654.2986796,snapshot,NVIDIA GeForce RTX 5070,97,11592,12227,73.56,ok,13,0,0.023603274258920726
1,vllm_eager_512_20260726,formal,2,1129,18.4 (Debian 18.4-1.pgdg12+1),0.8.2,141,1785064654.6423745,snapshot,NVIDIA GeForce RTX 5070,97,11592,12227,73.56,ok,14,0,0.022490662004291506
1,vllm_eager_512_20260726,formal,2,1129,18.4 (Debian 18.4-1.pgdg12+1),0.8.2,142,1785064654.9650798,snapshot,NVIDIA GeForce RTX 5070,97,11585,12227,73.56,ok,14,0,0.022888023523801926
1,vllm_eager_512_20260726,formal,2,1129,18.4 (Debian 18.4-1.pgdg12+1),0.8.2,143,1785064655.293046,snapshot,NVIDIA GeForce RTX 5070,97,11586,12227,73.39,ok,15,0,0.023921163474529106
1,vllm_eager_512_20260726,formal,2,1129,18.4 (Debian 18.4-1.pgdg12+1),0.8.2,144,1785064655.6346107,snapshot,NVIDIA GeForce RTX 5070,97,11592,12227,72.06,ok,14,0,0.024477469601843715
1,vllm_eager_512_20260726,formal,2,1129,18.4 (Debian 18.4-1.pgdg12+1),0.8.2,145,1785064655.9802203,snapshot,NVIDIA GeForce RTX 5070,97,11586,12227,72.06,ok,13,0,0.023682746562822876
1,vllm_eager_512_20260726,formal,2,1129,18.4 (Debian 18.4-1.pgdg12+1),0.8.2,146,1785064656.3234086,snapshot,NVIDIA GeForce RTX 5070,97,11586,12227,71.78,ok,13,0,0.024239052690137486
1,vllm_eager_512_20260726,formal,2,1129,18.4 (Debian 18.4-1.pgdg12+1),0.8.2,147,1785064656.6633873,snapshot,NVIDIA GeForce RTX 5070,97,11586,12227,71.91,ok,13,0,0.024954303425256286
1,vllm_eager_512_20260726,formal,2,1129,18.4 (Debian 18.4-1.pgdg12+1),0.8.2,148,1785064656.9840598,snapshot,NVIDIA GeForce RTX 5070,97,11592,12227,71.91,ok,13,0,0.025351664944766705
1,vllm_eager_512_20260726,formal,2,1129,18.4 (Debian 18.4-1.pgdg12+1),0.8.2,149,1785064657.3131657,snapshot,NVIDIA GeForce RTX 5070,97,11588,12227,70.62,ok,13,0,0.025987443375983466
1,vllm_eager_512_20260726,formal,2,1129,18.4 (Debian 18.4-1.pgdg12+1),0.8.2,150,1785064657.6580064,snapshot,NVIDIA GeForce RTX 5070,97,11588,12227,71.36,ok,11,0,0.023046968131606116
1,vllm_eager_512_20260726,formal,2,1129,18.4 (Debian 18.4-1.pgdg12+1),0.8.2,151,1785064658.0010648,snapshot,NVIDIA GeForce RTX 5070,97,11592,12227,71.36,ok,11,0,0.023523801955018686
1,vllm_eager_512_20260726,formal,2,1129,18.4 (Debian 18.4-1.pgdg12+1),0.8.2,152,1785064658.3231568,snapshot,NVIDIA GeForce RTX 5070,97,11586,12227,71.80,ok,11,0,0.023921163474529106
1,vllm_eager_512_20260726,formal,2,1129,18.4 (Debian 18.4-1.pgdg12+1),0.8.2,153,1785064658.651072,snapshot,NVIDIA GeForce RTX 5070,97,11586,12227,69.99,ok,11,0,0.024397997297941676
1,vllm_eager_512_20260726,formal,2,1129,18.4 (Debian 18.4-1.pgdg12+1),0.8.2,154,1785064658.9749553,snapshot,NVIDIA GeForce RTX 5070,97,11586,12227,69.99,ok,11,0,0.024874831121354246
1,vllm_eager_512_20260726,formal,2,1129,18.4 (Debian 18.4-1.pgdg12+1),0.8.2,155,1785064659.320699,snapshot,NVIDIA GeForce RTX 5070,97,11586,12227,70.35,ok,11,0,0.025431137248668856
1,vllm_eager_512_20260726,formal,2,1129,18.4 (Debian 18.4-1.pgdg12+1),0.8.2,156,1785064659.6454563,snapshot,NVIDIA GeForce RTX 5070,97,11585,12227,71.77,ok,11,0,0.025987443375983466
1,vllm_eager_512_20260726,formal,2,1129,18.4 (Debian 18.4-1.pgdg12+1),0.8.2,157,1785064659.9711614,snapshot,NVIDIA GeForce RTX 5070,97,11592,12227,71.77,ok,11,0,0.026464277199396036
1,vllm_eager_512_20260726,formal,2,1129,18.4 (Debian 18.4-1.pgdg12+1),0.8.2,158,1785064660.3341289,snapshot,NVIDIA GeForce RTX 5070,97,11581,12227,71.86,ok,11,0,0.027020583326710645
1,vllm_eager_512_20260726,formal,2,1129,18.4 (Debian 18.4-1.pgdg12+1),0.8.2,159,1785064660.6753604,snapshot,NVIDIA GeForce RTX 5070,97,11581,12227,71.22,ok,11,0,0.027735834061829445
1,vllm_eager_512_20260726,formal,2,1129,18.4 (Debian 18.4-1.pgdg12+1),0.8.2,160,1785064661.0086749,snapshot,NVIDIA GeForce RTX 5070,97,11586,12227,71.22,ok,11,0,0.028053723277437825
1,vllm_eager_512_20260726,formal,2,1129,18.4 (Debian 18.4-1.pgdg12+1),0.8.2,161,1785064661.3290746,snapshot,NVIDIA GeForce RTX 5070,97,11592,12227,72.24,ok,11,0,0.028689501708654586
1,vllm_eager_512_20260726,formal,2,1129,18.4 (Debian 18.4-1.pgdg12+1),0.8.2,162,1785064661.6539605,snapshot,NVIDIA GeForce RTX 5070,97,11592,12227,72.05,ok,11,0,0.029166335532067045
1,vllm_eager_512_20260726,formal,2,1129,18.4 (Debian 18.4-1.pgdg12+1),0.8.2,163,1785064661.9956143,snapshot,NVIDIA GeForce RTX 5070,97,11586,12227,72.05,ok,11,0,0.029643169355479615
1,vllm_eager_512_20260726,formal,2,1129,18.4 (Debian 18.4-1.pgdg12+1),0.8.2,164,1785064662.3202667,snapshot,NVIDIA GeForce RTX 5070,97,11592,12227,71.54,ok,11,0,0.030120003178892185
1,vllm_eager_512_20260726,formal,2,1129,18.4 (Debian 18.4-1.pgdg12+1),0.8.2,165,1785064662.6493979,snapshot,NVIDIA GeForce RTX 5070,97,11592,12227,72.67,ok,11,0,0.030596837002304644
1,vllm_eager_512_20260726,formal,2,1129,18.4 (Debian 18.4-1.pgdg12+1),0.8.2,166,1785064662.9932544,snapshot,NVIDIA GeForce RTX 5070,97,11585,12227,72.67,ok,10,0,0.028610029404752435
1,vllm_eager_512_20260726,formal,2,1129,18.4 (Debian 18.4-1.pgdg12+1),0.8.2,167,1785064663.3201938,snapshot,NVIDIA GeForce RTX 5070,97,11592,12227,71.58,ok,10,0,0.028927918620360815
1,vllm_eager_512_20260726,formal,2,1129,18.4 (Debian 18.4-1.pgdg12+1),0.8.2,168,1785064663.668042,snapshot,NVIDIA GeForce RTX 5070,97,11592,12227,69.74,ok,10,0,0.029484224747675425
1,vllm_eager_512_20260726,formal,2,1129,18.4 (Debian 18.4-1.pgdg12+1),0.8.2,169,1785064664.0071309,snapshot,NVIDIA GeForce RTX 5070,97,11586,12227,69.74,ok,10,0,0.029802113963283805
1,vllm_eager_512_20260726,formal,2,1129,18.4 (Debian 18.4-1.pgdg12+1),0.8.2,170,1785064664.3290162,snapshot,NVIDIA GeForce RTX 5070,97,11592,12227,69.97,ok,9,0,0.021457522053564326
1,vllm_eager_512_20260726,formal,2,1129,18.4 (Debian 18.4-1.pgdg12+1),0.8.2,171,1785064664.6920981,snapshot,NVIDIA GeForce RTX 5070,97,11592,12227,70.33,ok,9,0,0.022013828180878936
1,vllm_eager_512_20260726,formal,2,1129,18.4 (Debian 18.4-1.pgdg12+1),0.8.2,172,1785064665.0151484,snapshot,NVIDIA GeForce RTX 5070,94,11585,12227,70.51,ok,7,0,0.016848128427243148
1,vllm_eager_512_20260726,formal,2,1129,18.4 (Debian 18.4-1.pgdg12+1),0.8.2,173,1785064665.3609223,snapshot,NVIDIA GeForce RTX 5070,94,11581,12227,70.51,ok,8,0,0.017483906858459797
1,vllm_eager_512_20260726,formal,2,1129,18.4 (Debian 18.4-1.pgdg12+1),0.8.2,174,1785064665.7042382,snapshot,NVIDIA GeForce RTX 5070,94,11605,12227,70.90,ok,8,0,0.017801796074068177
1,vllm_eager_512_20260726,formal,2,1129,18.4 (Debian 18.4-1.pgdg12+1),0.8.2,175,1785064666.0250647,snapshot,NVIDIA GeForce RTX 5070,97,11605,12227,70.08,ok,8,0,0.018119685289676557
1,vllm_eager_512_20260726,formal,2,1129,18.4 (Debian 18.4-1.pgdg12+1),0.8.2,176,1785064666.3528688,snapshot,NVIDIA GeForce RTX 5070,97,11585,12227,70.08,ok,8,0,0.018437574505284937
1,vllm_eager_512_20260726,formal,2,1129,18.4 (Debian 18.4-1.pgdg12+1),0.8.2,177,1785064666.7142832,snapshot,NVIDIA GeForce RTX 5070,97,11592,12227,68.47,ok,8,0,0.018755463720893317
1,vllm_eager_512_20260726,formal,2,1129,18.4 (Debian 18.4-1.pgdg12+1),0.8.2,178,1785064667.0524304,snapshot,NVIDIA GeForce RTX 5070,97,11592,12227,67.86,ok,8,0,0.019232297544305776
1,vllm_eager_512_20260726,formal,2,1129,18.4 (Debian 18.4-1.pgdg12+1),0.8.2,179,1785064667.4120476,snapshot,NVIDIA GeForce RTX 5070,97,11592,12227,67.86,ok,8,0,0.019470714456012117
1,vllm_eager_512_20260726,formal,2,1129,18.4 (Debian 18.4-1.pgdg12+1),0.8.2,180,1785064667.7375436,snapshot,NVIDIA GeForce RTX 5070,97,11592,12227,69.17,ok,8,0,0.019947548279424576
1,vllm_eager_512_20260726,formal,2,1129,18.4 (Debian 18.4-1.pgdg12+1),0.8.2,181,1785064668.0662582,snapshot,NVIDIA GeForce RTX 5070,96,11585,12227,68.78,ok,8,0,0.016530239211634767
1,vllm_eager_512_20260726,formal,2,1129,18.4 (Debian 18.4-1.pgdg12+1),0.8.2,182,1785064668.3919609,snapshot,NVIDIA GeForce RTX 5070,96,11585,12227,68.78,ok,8,0,0.016927600731145187
1,vllm_eager_512_20260726,formal,2,1129,18.4 (Debian 18.4-1.pgdg12+1),0.8.2,183,1785064668.7366407,snapshot,NVIDIA GeForce RTX 5070,96,11585,12227,69.13,ok,9,0,0.014622903917984598
1,vllm_eager_512_20260726,formal,2,1129,18.4 (Debian 18.4-1.pgdg12+1),0.8.2,184,1785064669.0808809,snapshot,NVIDIA GeForce RTX 5070,97,11592,12227,70.64,ok,9,0,0.015099737741397168
1,vllm_eager_512_20260726,formal,2,1129,18.4 (Debian 18.4-1.pgdg12+1),0.8.2,185,1785064669.422555,snapshot,NVIDIA GeForce RTX 5070,97,11592,12227,70.64,ok,9,0,0.015656043868711778
1,vllm_eager_512_20260726,formal,2,1129,18.4 (Debian 18.4-1.pgdg12+1),0.8.2,186,1785064669.7432451,snapshot,NVIDIA GeForce RTX 5070,97,11591,12227,70.64,ok,9,0,0.015814988476515968
1,vllm_eager_512_20260726,formal,2,1129,18.4 (Debian 18.4-1.pgdg12+1),0.8.2,187,1785064670.0736265,snapshot,NVIDIA GeForce RTX 5070,97,11592,12227,69.57,ok,9,0,0.016450766907732617
1,vllm_eager_512_20260726,formal,2,1129,18.4 (Debian 18.4-1.pgdg12+1),0.8.2,188,1785064670.4317489,snapshot,NVIDIA GeForce RTX 5070,97,11592,12227,69.57,ok,9,0,0.016768656123340997
1,vllm_eager_512_20260726,formal,2,1129,18.4 (Debian 18.4-1.pgdg12+1),0.8.2,189,1785064670.7555876,snapshot,NVIDIA GeForce RTX 5070,97,11592,12227,70.48,ok,9,0,0.013033457839942808
1,vllm_eager_512_20260726,formal,2,1129,18.4 (Debian 18.4-1.pgdg12+1),0.8.2,190,1785064671.0857692,snapshot,NVIDIA GeForce RTX 5070,97,11592,12227,70.69,ok,9,0,0.008980370340936239
1,vllm_eager_512_20260726,formal,2,1129,18.4 (Debian 18.4-1.pgdg12+1),0.8.2,191,1785064671.407802,snapshot,NVIDIA GeForce RTX 5070,97,11585,12227,70.69,ok,10,0,0.007231979655090148
1,vllm_eager_512_20260726,formal,2,1129,18.4 (Debian 18.4-1.pgdg12+1),0.8.2,192,1785064671.7699115,snapshot,NVIDIA GeForce RTX 5070,97,11585,12227,70.86,ok,9,0,0.006914090439481879
1,vllm_eager_512_20260726,formal,2,1129,18.4 (Debian 18.4-1.pgdg12+1),0.8.2,193,1785064672.1122916,snapshot,NVIDIA GeForce RTX 5070,97,11592,12227,73.08,ok,11,0,0.007470396566796489
1,vllm_eager_512_20260726,formal,2,1129,18.4 (Debian 18.4-1.pgdg12+1),0.8.2,194,1785064672.4392984,snapshot,NVIDIA GeForce RTX 5070,97,11592,12227,73.08,ok,11,0,0.008106174998013138
1,vllm_eager_512_20260726,formal,2,1129,18.4 (Debian 18.4-1.pgdg12+1),0.8.2,195,1785064672.7629194,snapshot,NVIDIA GeForce RTX 5070,97,11592,12227,72.35,ok,11,0,0.008741953429229898
1,vllm_eager_512_20260726,formal,2,1129,18.4 (Debian 18.4-1.pgdg12+1),0.8.2,196,1785064673.0909843,snapshot,NVIDIA GeForce RTX 5070,97,11592,12227,71.53,ok,11,0,0.006437256616069309
1,vllm_eager_512_20260726,formal,2,1129,18.4 (Debian 18.4-1.pgdg12+1),0.8.2,197,1785064673.4351795,snapshot,NVIDIA GeForce RTX 5070,97,11592,12227,71.53,ok,10,0,0.006914090439481879
1,vllm_eager_512_20260726,formal,2,1129,18.4 (Debian 18.4-1.pgdg12+1),0.8.2,198,1785064673.7617035,snapshot,NVIDIA GeForce RTX 5070,97,11592,12227,73.57,ok,10,0,0.007549868870698528
1,vllm_eager_512_20260726,formal,2,1129,18.4 (Debian 18.4-1.pgdg12+1),0.8.2,199,1785064674.0859032,snapshot,NVIDIA GeForce RTX 5070,92,11585,12227,73.13,ok,10,0,0.0077088134785027185
1,vllm_eager_512_20260726,formal,2,1129,18.4 (Debian 18.4-1.pgdg12+1),0.8.2,200,1785064674.408954,snapshot,NVIDIA GeForce RTX 5070,92,11581,12227,73.13,ok,10,0,0.008424064213621518
1,vllm_eager_512_20260726,formal,2,1129,18.4 (Debian 18.4-1.pgdg12+1),0.8.2,201,1785064674.7555463,snapshot,NVIDIA GeForce RTX 5070,92,11586,12227,70.57,ok,10,0,0.008503536517523669
1,vllm_eager_512_20260726,formal,2,1129,18.4 (Debian 18.4-1.pgdg12+1),0.8.2,202,1785064675.114732,snapshot,NVIDIA GeForce RTX 5070,96,11605,12227,69.37,ok,10,0,0.009218787252642469
1,vllm_eager_512_20260726,formal,2,1129,18.4 (Debian 18.4-1.pgdg12+1),0.8.2,203,1785064675.4594216,snapshot,NVIDIA GeForce RTX 5070,96,11612,12227,69.37,ok,9,0,0.008741953429229898
1,vllm_eager_512_20260726,formal,2,1129,18.4 (Debian 18.4-1.pgdg12+1),0.8.2,204,1785064675.7899663,snapshot,NVIDIA GeForce RTX 5070,96,11620,12227,68.55,ok,9,0,0.009218787252642469
1,vllm_eager_512_20260726,formal,2,1129,18.4 (Debian 18.4-1.pgdg12+1),0.8.2,205,1785064676.1131597,snapshot,NVIDIA GeForce RTX 5070,97,11615,12227,69.38,ok,9,0,0.009775093379957078
1,vllm_eager_512_20260726,formal,2,1129,18.4 (Debian 18.4-1.pgdg12+1),0.8.2,206,1785064676.4352374,snapshot,NVIDIA GeForce RTX 5070,97,11614,12227,69.38,ok,9,0,0.009934037987761268
1,vllm_eager_512_20260726,formal,2,1129,18.4 (Debian 18.4-1.pgdg12+1),0.8.2,207,1785064676.7977173,snapshot,NVIDIA GeForce RTX 5070,97,11608,12227,69.17,ok,9,0,0.010569816418978029
1,vllm_eager_512_20260726,formal,2,1129,18.4 (Debian 18.4-1.pgdg12+1),0.8.2,208,1785064677.1540253,snapshot,NVIDIA GeForce RTX 5070,97,11610,12227,69.62,ok,9,0,0.010649288722880068
1,vllm_eager_512_20260726,formal,2,1129,18.4 (Debian 18.4-1.pgdg12+1),0.8.2,209,1785064677.4756086,snapshot,NVIDIA GeForce RTX 5070,97,11606,12227,69.62,ok,9,0,0.011285067154096828
1,vllm_eager_512_20260726,formal,2,1129,18.4 (Debian 18.4-1.pgdg12+1),0.8.2,210,1785064677.8041706,snapshot,NVIDIA GeForce RTX 5070,97,11606,12227,69.36,ok,9,0,0.011364539457998868
1,vllm_eager_512_20260726,formal,2,1129,18.4 (Debian 18.4-1.pgdg12+1),0.8.2,211,1785064678.1277192,snapshot,NVIDIA GeForce RTX 5070,97,11603,12227,68.37,ok,10,0,0.011285067154096828
1,vllm_eager_512_20260726,formal,2,1129,18.4 (Debian 18.4-1.pgdg12+1),0.8.2,212,1785064678.4726102,snapshot,NVIDIA GeForce RTX 5070,97,11602,12227,68.37,ok,10,0,0.011523484065803058
1,vllm_eager_512_20260726,formal,2,1129,18.4 (Debian 18.4-1.pgdg12+1),0.8.2,213,1785064678.8142262,snapshot,NVIDIA GeForce RTX 5070,97,11602,12227,67.61,ok,10,0,0.012159262497019818
1,vllm_eager_512_20260726,formal,2,1129,18.4 (Debian 18.4-1.pgdg12+1),0.8.2,214,1785064679.1517248,snapshot,NVIDIA GeForce RTX 5070,97,11616,12227,68.24,ok,10,0,0.012556624016530238
1,vllm_eager_512_20260726,formal,2,1129,18.4 (Debian 18.4-1.pgdg12+1),0.8.2,215,1785064679.4962993,snapshot,NVIDIA GeForce RTX 5070,97,11618,12227,68.24,ok,10,0,0.013112930143844848
1,vllm_eager_512_20260726,formal,2,1129,18.4 (Debian 18.4-1.pgdg12+1),0.8.2,216,1785064679.8230224,snapshot,NVIDIA GeForce RTX 5070,97,11605,12227,70.78,ok,10,0,0.013589763967257418
1,vllm_eager_512_20260726,formal,2,1129,18.4 (Debian 18.4-1.pgdg12+1),0.8.2,217,1785064680.1458306,snapshot,NVIDIA GeForce RTX 5070,97,11605,12227,70.65,ok,10,0,0.013907653182865798
1,vllm_eager_512_20260726,formal,2,1129,18.4 (Debian 18.4-1.pgdg12+1),0.8.2,218,1785064680.4744985,snapshot,NVIDIA GeForce RTX 5070,97,11605,12227,70.65,ok,10,0,0.014384487006278257
1,vllm_eager_512_20260726,formal,2,1129,18.4 (Debian 18.4-1.pgdg12+1),0.8.2,219,1785064680.817329,snapshot,NVIDIA GeForce RTX 5070,97,11606,12227,68.93,ok,10,0,0.014702376221886637
1,vllm_eager_512_20260726,formal,2,1129,18.4 (Debian 18.4-1.pgdg12+1),0.8.2,220,1785064681.1576335,snapshot,NVIDIA GeForce RTX 5070,96,11606,12227,69.31,ok,9,0,0.013510291663355267
1,vllm_eager_512_20260726,formal,2,1129,18.4 (Debian 18.4-1.pgdg12+1),0.8.2,221,1785064681.4863174,snapshot,NVIDIA GeForce RTX 5070,96,11617,12227,69.31,ok,9,0,0.013669236271159457
1,vllm_eager_512_20260726,formal,2,1129,18.4 (Debian 18.4-1.pgdg12+1),0.8.2,222,1785064681.810457,snapshot,NVIDIA GeForce RTX 5070,96,11617,12227,70.31,ok,9,0,0.014225542398474178
1,vllm_eager_512_20260726,formal,2,1129,18.4 (Debian 18.4-1.pgdg12+1),0.8.2,223,1785064682.1598842,snapshot,NVIDIA GeForce RTX 5070,97,11624,12227,69.84,ok,9,0,0.014702376221886637
1,vllm_eager_512_20260726,formal,2,1129,18.4 (Debian 18.4-1.pgdg12+1),0.8.2,224,1785064682.4982464,snapshot,NVIDIA GeForce RTX 5070,97,11634,12227,69.84,ok,10,0,0.012795040928236467
1,vllm_eager_512_20260726,formal,2,1129,18.4 (Debian 18.4-1.pgdg12+1),0.8.2,225,1785064682.8229213,snapshot,NVIDIA GeForce RTX 5070,97,11634,12227,71.05,ok,10,0,0.013351347055551188
1,vllm_eager_512_20260726,formal,2,1129,18.4 (Debian 18.4-1.pgdg12+1),0.8.2,226,1785064683.1467826,snapshot,NVIDIA GeForce RTX 5070,97,11627,12227,70.71,ok,10,0,0.013589763967257418
1,vllm_eager_512_20260726,formal,2,1129,18.4 (Debian 18.4-1.pgdg12+1),0.8.2,227,1785064683.47456,snapshot,NVIDIA GeForce RTX 5070,97,11627,12227,70.71,ok,11,0,0.013192402447746998
1,vllm_eager_512_20260726,formal,2,1129,18.4 (Debian 18.4-1.pgdg12+1),0.8.2,228,1785064683.8016412,snapshot,NVIDIA GeForce RTX 5070,97,11627,12227,70.42,ok,11,0,0.013589763967257418
1,vllm_eager_512_20260726,formal,2,1129,18.4 (Debian 18.4-1.pgdg12+1),0.8.2,229,1785064684.1502795,snapshot,NVIDIA GeForce RTX 5070,97,11627,12227,70.88,ok,11,0,0.014305014702376218
1,vllm_eager_512_20260726,formal,2,1129,18.4 (Debian 18.4-1.pgdg12+1),0.8.2,230,1785064684.4707868,snapshot,NVIDIA GeForce RTX 5070,97,11619,12227,70.88,ok,10,0,0.014463959310180408
1,vllm_eager_512_20260726,formal,2,1129,18.4 (Debian 18.4-1.pgdg12+1),0.8.2,231,1785064684.7967768,snapshot,NVIDIA GeForce RTX 5070,97,11619,12227,71.19,ok,10,0,0.014940793133592978
1,vllm_eager_512_20260726,formal,2,1129,18.4 (Debian 18.4-1.pgdg12+1),0.8.2,232,1785064685.1212957,snapshot,NVIDIA GeForce RTX 5070,97,11621,12227,70.51,ok,10,0,0.015338154653103397
1,vllm_eager_512_20260726,formal,2,1129,18.4 (Debian 18.4-1.pgdg12+1),0.8.2,233,1785064685.4696066,snapshot,NVIDIA GeForce RTX 5070,97,11625,12227,70.51,ok,10,0,0.015735516172613817
1,vllm_eager_512_20260726,formal,2,1129,18.4 (Debian 18.4-1.pgdg12+1),0.8.2,234,1785064685.7933364,snapshot,NVIDIA GeForce RTX 5070,97,11631,12227,69.47,ok,10,0,0.016291822299928427
1,vllm_eager_512_20260726,formal,2,1129,18.4 (Debian 18.4-1.pgdg12+1),0.8.2,235,1785064686.1213567,snapshot,NVIDIA GeForce RTX 5070,97,11631,12227,69.23,ok,10,0,0.016609711515536807
1,vllm_eager_512_20260726,formal,2,1129,18.4 (Debian 18.4-1.pgdg12+1),0.8.2,236,1785064686.4466174,snapshot,NVIDIA GeForce RTX 5070,97,11625,12227,69.23,ok,10,0,0.017166017642851417
1,vllm_eager_512_20260726,formal,2,1129,18.4 (Debian 18.4-1.pgdg12+1),0.8.2,237,1785064686.8099697,snapshot,NVIDIA GeForce RTX 5070,97,11625,12227,69.81,ok,10,0,0.017404434554557757
1,vllm_eager_512_20260726,formal,2,1129,18.4 (Debian 18.4-1.pgdg12+1),0.8.2,238,1785064687.152459,snapshot,NVIDIA GeForce RTX 5070,97,11625,12227,69.82,ok,14,0,0.015814988476515968
1,vllm_eager_512_20260726,formal,2,1129,18.4 (Debian 18.4-1.pgdg12+1),0.8.2,239,1785064687.474461,snapshot,NVIDIA GeForce RTX 5070,97,11603,12227,69.82,ok,16,0,0.013987125486767837
1,vllm_eager_512_20260726,formal,2,1129,18.4 (Debian 18.4-1.pgdg12+1),0.8.2,240,1785064687.7984543,snapshot,NVIDIA GeForce RTX 5070,97,11596,12227,71.37,ok,16,0,0.014543431614082447
1,vllm_eager_512_20260726,formal,2,1129,18.4 (Debian 18.4-1.pgdg12+1),0.8.2,241,1785064688.1125028,snapshot,NVIDIA GeForce RTX 5070,98,11596,12227,68.53,ok,16,0,0.015020265437495017
1,vllm_eager_512_20260726,formal,2,1129,18.4 (Debian 18.4-1.pgdg12+1),0.8.2,242,1785064688.4735749,snapshot,NVIDIA GeForce RTX 5070,98,11607,12227,68.53,ok,16,0,0.015814988476515968
1,vllm_eager_512_20260726,formal,2,1129,18.4 (Debian 18.4-1.pgdg12+1),0.8.2,243,1785064688.829973,snapshot,NVIDIA GeForce RTX 5070,98,11607,12227,68.94,ok,16,0,0.016848128427243148
1,vllm_eager_512_20260726,formal,2,1129,18.4 (Debian 18.4-1.pgdg12+1),0.8.2,244,1785064689.1535616,snapshot,NVIDIA GeForce RTX 5070,97,11600,12227,73.33,ok,16,0,0.017404434554557757
1,vllm_eager_512_20260726,formal,2,1129,18.4 (Debian 18.4-1.pgdg12+1),0.8.2,245,1785064689.4959114,snapshot,NVIDIA GeForce RTX 5070,97,11600,12227,73.33,ok,16,0,0.018278629897480747
1,vllm_eager_512_20260726,formal,2,1129,18.4 (Debian 18.4-1.pgdg12+1),0.8.2,246,1785064689.8212745,snapshot,NVIDIA GeForce RTX 5070,97,11600,12227,72.25,ok,16,0,0.016212349996026387
1,vllm_eager_512_20260726,formal,2,1129,18.4 (Debian 18.4-1.pgdg12+1),0.8.2,247,1785064690.1509125,snapshot,NVIDIA GeForce RTX 5070,97,11600,12227,70.63,ok,23,0,0.017563379162361947
1,vllm_eager_512_20260726,formal,2,1129,18.4 (Debian 18.4-1.pgdg12+1),0.8.2,248,1785064690.4954934,snapshot,NVIDIA GeForce RTX 5070,97,11603,12227,70.63,ok,23,0,0.018358102201382787
1,vllm_eager_512_20260726,formal,2,1129,18.4 (Debian 18.4-1.pgdg12+1),0.8.2,249,1785064690.8251603,snapshot,NVIDIA GeForce RTX 5070,97,11603,12227,68.33,ok,23,0,0.019232297544305776
1,vllm_eager_512_20260726,formal,2,1129,18.4 (Debian 18.4-1.pgdg12+1),0.8.2,250,1785064691.151538,snapshot,NVIDIA GeForce RTX 5070,96,11603,12227,76.62,ok,23,0,0.020742271318445527
1,vllm_eager_512_20260726,formal,2,1129,18.4 (Debian 18.4-1.pgdg12+1),0.8.2,251,1785064691.5098035,snapshot,NVIDIA GeForce RTX 5070,96,11596,12227,76.62,ok,22,0,0.021854883573074746
1,vllm_eager_512_20260726,formal,2,1129,18.4 (Debian 18.4-1.pgdg12+1),0.8.2,252,1785064691.8546336,snapshot,NVIDIA GeForce RTX 5070,96,11596,12227,87.44,ok,22,0,0.023205912739410306
1,vllm_eager_512_20260726,formal,2,1129,18.4 (Debian 18.4-1.pgdg12+1),0.8.2,253,1785064692.1990747,snapshot,NVIDIA GeForce RTX 5070,96,11596,12227,88.17,ok,22,0,0.022252245092585277
1,vllm_eager_512_20260726,formal,2,1129,18.4 (Debian 18.4-1.pgdg12+1),0.8.2,254,1785064692.5560977,snapshot,NVIDIA GeForce RTX 5070,96,11596,12227,85.89,ok,21,0,0.023046968131606116
1,vllm_eager_512_20260726,formal,2,1129,18.4 (Debian 18.4-1.pgdg12+1),0.8.2,255,1785064692.8795145,snapshot,NVIDIA GeForce RTX 5070,96,11596,12227,85.89,ok,20,0,0.024080108082333296
1,vllm_eager_512_20260726,formal,2,1129,18.4 (Debian 18.4-1.pgdg12+1),0.8.2,256,1785064693.2076735,snapshot,NVIDIA GeForce RTX 5070,95,11596,12227,87.27,ok,19,0,0.022888023523801926
1,vllm_eager_512_20260726,formal,2,1129,18.4 (Debian 18.4-1.pgdg12+1),0.8.2,257,1785064693.5498137,snapshot,NVIDIA GeForce RTX 5070,95,11603,12227,91.00,ok,18,0,0.022570134308193546
1,vllm_eager_512_20260726,formal,2,1129,18.4 (Debian 18.4-1.pgdg12+1),0.8.2,258,1785064693.8742225,snapshot,NVIDIA GeForce RTX 5070,95,11603,12227,91.00,ok,18,0,0.023762218866724916
1,vllm_eager_512_20260726,formal,2,1129,18.4 (Debian 18.4-1.pgdg12+1),0.8.2,259,1785064694.234352,snapshot,NVIDIA GeForce RTX 5070,96,11596,12227,89.38,ok,18,0,0.024954303425256286
1,vllm_eager_512_20260726,formal,2,1129,18.4 (Debian 18.4-1.pgdg12+1),0.8.2,260,1785064694.575782,snapshot,NVIDIA GeForce RTX 5070,96,11596,12227,85.09,ok,18,0,0.025510609552570895
1,vllm_eager_512_20260726,formal,2,1129,18.4 (Debian 18.4-1.pgdg12+1),0.8.2,261,1785064694.903168,snapshot,NVIDIA GeForce RTX 5070,96,11603,12227,85.09,ok,17,0,0.025590081856473046
1,vllm_eager_512_20260726,formal,2,1129,18.4 (Debian 18.4-1.pgdg12+1),0.8.2,262,1785064695.2313528,snapshot,NVIDIA GeForce RTX 5070,96,11603,12227,86.10,ok,17,0,0.026543749503298075
1,vllm_eager_512_20260726,formal,2,1129,18.4 (Debian 18.4-1.pgdg12+1),0.8.2,263,1785064695.5786161,snapshot,NVIDIA GeForce RTX 5070,96,11596,12227,88.18,ok,17,0,0.027576889454025255
1,vllm_eager_512_20260726,formal,2,1129,18.4 (Debian 18.4-1.pgdg12+1),0.8.2,264,1785064695.9166496,snapshot,NVIDIA GeForce RTX 5070,96,11603,12227,88.18,ok,15,0,0.026066915679885505
1,vllm_eager_512_20260726,formal,2,1129,18.4 (Debian 18.4-1.pgdg12+1),0.8.2,265,1785064696.2746263,snapshot,NVIDIA GeForce RTX 5070,96,11596,12227,86.09,ok,17,0,0.021934355876976896
1,vllm_eager_512_20260726,formal,2,1129,18.4 (Debian 18.4-1.pgdg12+1),0.8.2,266,1785064696.6201928,snapshot,NVIDIA GeForce RTX 5070,96,11607,12227,81.80,ok,17,0,0.022888023523801926
1,vllm_eager_512_20260726,formal,2,1129,18.4 (Debian 18.4-1.pgdg12+1),0.8.2,267,1785064696.9746077,snapshot,NVIDIA GeForce RTX 5070,96,11607,12227,81.80,ok,17,0,0.024000635778431256
1,vllm_eager_512_20260726,formal,2,1129,18.4 (Debian 18.4-1.pgdg12+1),0.8.2,268,1785064697.3146455,snapshot,NVIDIA GeForce RTX 5070,97,11600,12227,82.36,ok,17,0,0.025192720336962515
1,vllm_eager_512_20260726,formal,2,1129,18.4 (Debian 18.4-1.pgdg12+1),0.8.2,269,1785064697.6381195,snapshot,NVIDIA GeForce RTX 5070,97,11600,12227,85.68,ok,18,0,0.023523801955018686
1,vllm_eager_512_20260726,formal,2,1129,18.4 (Debian 18.4-1.pgdg12+1),0.8.2,270,1785064697.9630024,snapshot,NVIDIA GeForce RTX 5070,97,11600,12227,85.68,ok,18,0,0.024397997297941676
1,vllm_eager_512_20260726,formal,2,1129,18.4 (Debian 18.4-1.pgdg12+1),0.8.2,271,1785064698.2950277,snapshot,NVIDIA GeForce RTX 5070,96,11607,12227,79.52,ok,18,0,0.025510609552570895
1,vllm_eager_512_20260726,formal,2,1129,18.4 (Debian 18.4-1.pgdg12+1),0.8.2,272,1785064698.6337876,snapshot,NVIDIA GeForce RTX 5070,96,11607,12227,80.50,ok,17,0,0.025033775729158436
1,vllm_eager_512_20260726,formal,2,1129,18.4 (Debian 18.4-1.pgdg12+1),0.8.2,273,1785064698.9783692,snapshot,NVIDIA GeForce RTX 5070,96,11607,12227,80.50,ok,17,0,0.025987443375983466
1,vllm_eager_512_20260726,formal,2,1129,18.4 (Debian 18.4-1.pgdg12+1),0.8.2,274,1785064699.3264644,snapshot,NVIDIA GeForce RTX 5070,96,11600,12227,89.10,ok,15,0,0.023841691170627066
1,vllm_eager_512_20260726,formal,2,1129,18.4 (Debian 18.4-1.pgdg12+1),0.8.2,275,1785064699.6440446,snapshot,NVIDIA GeForce RTX 5070,96,11596,12227,84.36,ok,15,0,0.024477469601843715
1,vllm_eager_512_20260726,formal,2,1129,18.4 (Debian 18.4-1.pgdg12+1),0.8.2,276,1785064699.9714463,snapshot,NVIDIA GeForce RTX 5070,96,11603,12227,84.36,ok,15,0,0.022649606612095696
1,vllm_eager_512_20260726,formal,2,1129,18.4 (Debian 18.4-1.pgdg12+1),0.8.2,277,1785064700.3141503,snapshot,NVIDIA GeForce RTX 5070,98,11603,12227,76.21,ok,15,0,0.023126440435508266
1,vllm_eager_512_20260726,formal,2,1129,18.4 (Debian 18.4-1.pgdg12+1),0.8.2,278,1785064700.6427596,snapshot,NVIDIA GeForce RTX 5070,98,11596,12227,71.36,ok,15,0,0.023841691170627066
1,vllm_eager_512_20260726,formal,2,1129,18.4 (Debian 18.4-1.pgdg12+1),0.8.2,279,1785064700.9670954,snapshot,NVIDIA GeForce RTX 5070,98,11603,12227,71.36,ok,14,0,0.023285385043312457
1,vllm_eager_512_20260726,formal,2,1129,18.4 (Debian 18.4-1.pgdg12+1),0.8.2,280,1785064701.3117907,snapshot,NVIDIA GeForce RTX 5070,97,11609,12227,71.15,ok,14,0,0.024000635778431256
1,vllm_eager_512_20260726,formal,2,1129,18.4 (Debian 18.4-1.pgdg12+1),0.8.2,281,1785064701.6338546,snapshot,NVIDIA GeForce RTX 5070,97,11609,12227,71.17,ok,14,0,0.024556941905745866
1,vllm_eager_512_20260726,formal,2,1129,18.4 (Debian 18.4-1.pgdg12+1),0.8.2,282,1785064701.9629533,snapshot,NVIDIA GeForce RTX 5070,97,11596,12227,71.17,ok,14,0,0.025272192640864666
1,vllm_eager_512_20260726,formal,2,1129,18.4 (Debian 18.4-1.pgdg12+1),0.8.2,283,1785064702.2893958,snapshot,NVIDIA GeForce RTX 5070,97,11596,12227,70.89,ok,12,0,0.023046968131606116
1,vllm_eager_512_20260726,formal,2,1129,18.4 (Debian 18.4-1.pgdg12+1),0.8.2,284,1785064702.6334634,snapshot,NVIDIA GeForce RTX 5070,97,11603,12227,70.08,ok,13,0,0.022888023523801926
1,vllm_eager_512_20260726,formal,2,1129,18.4 (Debian 18.4-1.pgdg12+1),0.8.2,285,1785064702.9750092,snapshot,NVIDIA GeForce RTX 5070,97,11603,12227,70.08,ok,13,0,0.023205912739410306
1,vllm_eager_512_20260726,formal,2,1129,18.4 (Debian 18.4-1.pgdg12+1),0.8.2,286,1785064703.3003216,snapshot,NVIDIA GeForce RTX 5070,97,11596,12227,69.06,ok,13,0,0.023921163474529106
1,vllm_eager_512_20260726,formal,2,1129,18.4 (Debian 18.4-1.pgdg12+1),0.8.2,287,1785064703.629556,snapshot,NVIDIA GeForce RTX 5070,97,11601,12227,69.99,ok,12,0,0.022252245092585277
1,vllm_eager_512_20260726,formal,2,1129,18.4 (Debian 18.4-1.pgdg12+1),0.8.2,288,1785064703.989739,snapshot,NVIDIA GeForce RTX 5070,97,11601,12227,69.99,ok,12,0,0.022808551219899886
1,vllm_eager_512_20260726,formal,2,1129,18.4 (Debian 18.4-1.pgdg12+1),0.8.2,289,1785064704.312763,snapshot,NVIDIA GeForce RTX 5070,97,11601,12227,70.49,ok,12,0,0.023603274258920726
1,vllm_eager_512_20260726,formal,2,1129,18.4 (Debian 18.4-1.pgdg12+1),0.8.2,290,1785064704.6432092,snapshot,NVIDIA GeForce RTX 5070,97,11601,12227,71.58,ok,11,0,0.021298577445760136
1,vllm_eager_512_20260726,formal,2,1129,18.4 (Debian 18.4-1.pgdg12+1),0.8.2,291,1785064704.9698932,snapshot,NVIDIA GeForce RTX 5070,97,11601,12227,71.58,ok,11,0,0.021934355876976896
1,vllm_eager_512_20260726,formal,2,1129,18.4 (Debian 18.4-1.pgdg12+1),0.8.2,292,1785064705.310347,snapshot,NVIDIA GeForce RTX 5070,97,11607,12227,70.75,ok,11,0,0.022172772788683126
1,vllm_eager_512_20260726,formal,2,1129,18.4 (Debian 18.4-1.pgdg12+1),0.8.2,293,1785064705.649821,snapshot,NVIDIA GeForce RTX 5070,97,11607,12227,69.05,ok,12,0,0.020424382102837146
1,vllm_eager_512_20260726,formal,2,1129,18.4 (Debian 18.4-1.pgdg12+1),0.8.2,294,1785064705.9937923,snapshot,NVIDIA GeForce RTX 5070,97,11601,12227,69.05,ok,12,0,0.020742271318445527
1,vllm_eager_512_20260726,formal,2,1129,18.4 (Debian 18.4-1.pgdg12+1),0.8.2,295,1785064706.3212984,snapshot,NVIDIA GeForce RTX 5070,97,11607,12227,70.13,ok,12,0,0.021457522053564326
1,vllm_eager_512_20260726,formal,2,1129,18.4 (Debian 18.4-1.pgdg12+1),0.8.2,296,1785064706.6454792,snapshot,NVIDIA GeForce RTX 5070,97,11601,12227,70.16,ok,11,0,0.020027020583326727
1,vllm_eager_512_20260726,formal,2,1129,18.4 (Debian 18.4-1.pgdg12+1),0.8.2,297,1785064706.9730144,snapshot,NVIDIA GeForce RTX 5070,97,11601,12227,70.16,ok,11,0,0.020503854406739297
1,vllm_eager_512_20260726,formal,2,1129,18.4 (Debian 18.4-1.pgdg12+1),0.8.2,298,1785064707.3191223,snapshot,NVIDIA GeForce RTX 5070,97,11601,12227,69.99,ok,11,0,0.020742271318445527
1,vllm_eager_512_20260726,formal,2,1129,18.4 (Debian 18.4-1.pgdg12+1),0.8.2,299,1785064707.6439848,snapshot,NVIDIA GeForce RTX 5070,97,11601,12227,68.87,ok,10,0,0.018596519113089127
1,vllm_eager_512_20260726,formal,2,1129,18.4 (Debian 18.4-1.pgdg12+1),0.8.2,300,1785064707.9686363,snapshot,NVIDIA GeForce RTX 5070,97,11601,12227,68.87,ok,14,0,0.017007073035047338
1,vllm_eager_512_20260726,formal,2,1129,18.4 (Debian 18.4-1.pgdg12+1),0.8.2,301,1785064708.2927306,snapshot,NVIDIA GeForce RTX 5070,97,11601,12227,68.39,ok,14,0,0.017563379162361947
1,vllm_eager_512_20260726,formal,2,1129,18.4 (Debian 18.4-1.pgdg12+1),0.8.2,302,1785064708.6419327,snapshot,NVIDIA GeForce RTX 5070,97,11601,12227,69.00,ok,14,0,0.017960740681872367
1,vllm_eager_512_20260726,formal,2,1129,18.4 (Debian 18.4-1.pgdg12+1),0.8.2,303,1785064708.983996,snapshot,NVIDIA GeForce RTX 5070,97,11601,12227,69.00,ok,12,0,0.018199157593578597
1,vllm_eager_512_20260726,formal,2,1129,18.4 (Debian 18.4-1.pgdg12+1),0.8.2,304,1785064709.3073611,snapshot,NVIDIA GeForce RTX 5070,97,11601,12227,68.50,ok,12,0,0.018755463720893317
1,vllm_eager_512_20260726,formal,2,1129,18.4 (Debian 18.4-1.pgdg12+1),0.8.2,305,1785064709.6556542,snapshot,NVIDIA GeForce RTX 5070,97,11596,12227,70.21,ok,12,0,0.019311769848207927
1,vllm_eager_512_20260726,formal,2,1129,18.4 (Debian 18.4-1.pgdg12+1),0.8.2,306,1785064709.9932199,snapshot,NVIDIA GeForce RTX 5070,97,11596,12227,70.21,ok,12,0,0.019868075975522537
1,vllm_eager_512_20260726,formal,2,1129,18.4 (Debian 18.4-1.pgdg12+1),0.8.2,307,1785064710.3206859,snapshot,NVIDIA GeForce RTX 5070,97,11596,12227,71.55,ok,12,0,0.020265437495032956
1,vllm_eager_512_20260726,formal,2,1129,18.4 (Debian 18.4-1.pgdg12+1),0.8.2,308,1785064710.65141,snapshot,NVIDIA GeForce RTX 5070,97,11603,12227,70.38,ok,15,0,0.018278629897480747
1,vllm_eager_512_20260726,formal,2,1129,18.4 (Debian 18.4-1.pgdg12+1),0.8.2,309,1785064711.0117834,snapshot,NVIDIA GeForce RTX 5070,97,11603,12227,70.38,ok,14,0,0.016768656123340997
1,vllm_eager_512_20260726,formal,2,1129,18.4 (Debian 18.4-1.pgdg12+1),0.8.2,310,1785064711.335224,snapshot,NVIDIA GeForce RTX 5070,97,11603,12227,71.94,ok,14,0,0.017404434554557757
1,vllm_eager_512_20260726,formal,2,1129,18.4 (Debian 18.4-1.pgdg12+1),0.8.2,311,1785064711.659014,snapshot,NVIDIA GeForce RTX 5070,97,11601,12227,70.97,ok,14,0,0.017960740681872367
1,vllm_eager_512_20260726,formal,2,1129,18.4 (Debian 18.4-1.pgdg12+1),0.8.2,312,1785064711.9912508,snapshot,NVIDIA GeForce RTX 5070,97,11607,12227,70.97,ok,14,0,0.018675991416991167
1,vllm_eager_512_20260726,formal,2,1129,18.4 (Debian 18.4-1.pgdg12+1),0.8.2,313,1785064712.312733,snapshot,NVIDIA GeForce RTX 5070,97,11601,12227,71.64,ok,14,0,0.019152825240403737
1,vllm_eager_512_20260726,formal,2,1129,18.4 (Debian 18.4-1.pgdg12+1),0.8.2,314,1785064712.6595395,snapshot,NVIDIA GeForce RTX 5070,97,11601,12227,72.37,ok,14,0,0.019868075975522537
1,vllm_eager_512_20260726,formal,2,1129,18.4 (Debian 18.4-1.pgdg12+1),0.8.2,315,1785064712.9824424,snapshot,NVIDIA GeForce RTX 5070,97,11601,12227,72.37,ok,14,0,0.020265437495032956
1,vllm_eager_512_20260726,formal,2,1129,18.4 (Debian 18.4-1.pgdg12+1),0.8.2,316,1785064713.3123336,snapshot,NVIDIA GeForce RTX 5070,98,11601,12227,69.12,ok,14,0,0.020901215926249717
1,vllm_eager_512_20260726,formal,2,1129,18.4 (Debian 18.4-1.pgdg12+1),0.8.2,317,1785064713.6511211,snapshot,NVIDIA GeForce RTX 5070,98,11603,12227,68.18,ok,14,0,0.021378049749662287
1,vllm_eager_512_20260726,formal,2,1129,18.4 (Debian 18.4-1.pgdg12+1),0.8.2,318,1785064713.9957833,snapshot,NVIDIA GeForce RTX 5070,98,11603,12227,68.18,ok,14,0,0.022093300484781087
1,vllm_eager_512_20260726,formal,2,1129,18.4 (Debian 18.4-1.pgdg12+1),0.8.2,319,1785064714.3411996,snapshot,NVIDIA GeForce RTX 5070,97,11596,12227,71.01,ok,14,0,0.022888023523801926
1,vllm_eager_512_20260726,formal,2,1129,18.4 (Debian 18.4-1.pgdg12+1),0.8.2,320,1785064714.6640768,snapshot,NVIDIA GeForce RTX 5070,97,11596,12227,71.38,ok,14,0,0.023285385043312457
1,vllm_eager_512_20260726,formal,2,1129,18.4 (Debian 18.4-1.pgdg12+1),0.8.2,321,1785064714.9921057,snapshot,NVIDIA GeForce RTX 5070,97,11596,12227,71.38,ok,14,0,0.024080108082333296
1,vllm_eager_512_20260726,formal,2,1129,18.4 (Debian 18.4-1.pgdg12+1),0.8.2,322,1785064715.333204,snapshot,NVIDIA GeForce RTX 5070,97,11596,12227,70.88,ok,14,0,0.024556941905745866
1,vllm_eager_512_20260726,formal,2,1129,18.4 (Debian 18.4-1.pgdg12+1),0.8.2,323,1785064715.6795452,snapshot,NVIDIA GeForce RTX 5070,97,11600,12227,70.64,ok,13,0,0.016927600731145187
1,vllm_eager_512_20260726,formal,2,1129,18.4 (Debian 18.4-1.pgdg12+1),0.8.2,324,1785064716.02148,snapshot,NVIDIA GeForce RTX 5070,97,11600,12227,70.64,ok,15,0,0.017483906858459797
1,vllm_eager_512_20260726,formal,2,1129,18.4 (Debian 18.4-1.pgdg12+1),0.8.2,325,1785064716.3463504,snapshot,NVIDIA GeForce RTX 5070,98,11600,12227,68.66,ok,15,0,0.018358102201382787
1,vllm_eager_512_20260726,formal,2,1129,18.4 (Debian 18.4-1.pgdg12+1),0.8.2,326,1785064716.6928513,snapshot,NVIDIA GeForce RTX 5070,98,11600,12227,71.39,ok,15,0,0.019073352936501586
1,vllm_eager_512_20260726,formal,2,1129,18.4 (Debian 18.4-1.pgdg12+1),0.8.2,327,1785064717.0161633,snapshot,NVIDIA GeForce RTX 5070,97,11600,12227,72.70,ok,15,0,0.019629659063816307
1,vllm_eager_512_20260726,formal,2,1129,18.4 (Debian 18.4-1.pgdg12+1),0.8.2,328,1785064717.3607018,snapshot,NVIDIA GeForce RTX 5070,97,11607,12227,72.70,ok,15,0,0.020344909798935107
1,vllm_eager_512_20260726,formal,2,1129,18.4 (Debian 18.4-1.pgdg12+1),0.8.2,329,1785064717.6869404,snapshot,NVIDIA GeForce RTX 5070,97,11605,12227,71.82,ok,14,0,0.018914408328697396
1,vllm_eager_512_20260726,formal,2,1129,18.4 (Debian 18.4-1.pgdg12+1),0.8.2,330,1785064718.029791,snapshot,NVIDIA GeForce RTX 5070,97,11599,12227,71.25,ok,14,0,0.019629659063816307
1,vllm_eager_512_20260726,formal,2,1129,18.4 (Debian 18.4-1.pgdg12+1),0.8.2,331,1785064718.3515387,snapshot,NVIDIA GeForce RTX 5070,97,11599,12227,71.25,ok,14,0,0.020027020583326727
1,vllm_eager_512_20260726,formal,2,1129,18.4 (Debian 18.4-1.pgdg12+1),0.8.2,332,1785064718.7141354,snapshot,NVIDIA GeForce RTX 5070,97,11599,12227,71.87,ok,13,0,0.018993880632599547
1,vllm_eager_512_20260726,formal,2,1129,18.4 (Debian 18.4-1.pgdg12+1),0.8.2,333,1785064719.03758,snapshot,NVIDIA GeForce RTX 5070,97,11599,12227,71.21,ok,13,0,0.019629659063816307
1,vllm_eager_512_20260726,formal,2,1129,18.4 (Debian 18.4-1.pgdg12+1),0.8.2,334,1785064719.361622,snapshot,NVIDIA GeForce RTX 5070,97,11605,12227,71.21,ok,14,0,0.019788603671620386
1,vllm_eager_512_20260726,formal,2,1129,18.4 (Debian 18.4-1.pgdg12+1),0.8.2,335,1785064719.6913939,snapshot,NVIDIA GeForce RTX 5070,97,11605,12227,71.41,ok,14,0,0.020027020583326727
1,vllm_eager_512_20260726,formal,2,1129,18.4 (Debian 18.4-1.pgdg12+1),0.8.2,336,1785064720.0176873,snapshot,NVIDIA GeForce RTX 5070,97,11599,12227,68.98,ok,14,0,0.020662799014543487
1,vllm_eager_512_20260726,formal,2,1129,18.4 (Debian 18.4-1.pgdg12+1),0.8.2,337,1785064720.3418515,snapshot,NVIDIA GeForce RTX 5070,97,11599,12227,68.98,ok,13,0,0.018437574505284937
1,vllm_eager_512_20260726,formal,2,1129,18.4 (Debian 18.4-1.pgdg12+1),0.8.2,338,1785064720.6724498,snapshot,NVIDIA GeForce RTX 5070,97,11598,12227,67.98,ok,16,0,0.019788603671620386
1,vllm_eager_512_20260726,formal,2,1129,18.4 (Debian 18.4-1.pgdg12+1),0.8.2,339,1785064721.0320985,snapshot,NVIDIA GeForce RTX 5070,97,11599,12227,68.78,ok,16,0,0.020265437495032956
1,vllm_eager_512_20260726,formal,2,1129,18.4 (Debian 18.4-1.pgdg12+1),0.8.2,340,1785064721.3551626,snapshot,NVIDIA GeForce RTX 5070,97,11605,12227,68.78,ok,16,0,0.021298577445760136
1,vllm_eager_512_20260726,formal,2,1129,18.4 (Debian 18.4-1.pgdg12+1),0.8.2,341,1785064721.6963718,snapshot,NVIDIA GeForce RTX 5070,97,11598,12227,70.93,ok,16,0,0.021854883573074746
1,vllm_eager_512_20260726,formal,2,1129,18.4 (Debian 18.4-1.pgdg12+1),0.8.2,342,1785064722.0253847,snapshot,NVIDIA GeForce RTX 5070,97,11598,12227,72.68,ok,16,0,0.022808551219899886
1,vllm_eager_512_20260726,formal,2,1129,18.4 (Debian 18.4-1.pgdg12+1),0.8.2,343,1785064722.3508806,snapshot,NVIDIA GeForce RTX 5070,97,11598,12227,72.68,ok,16,0,0.023364857347214496
1,vllm_eager_512_20260726,formal,2,1129,18.4 (Debian 18.4-1.pgdg12+1),0.8.2,344,1785064722.6946967,snapshot,NVIDIA GeForce RTX 5070,97,11598,12227,72.64,ok,16,0,0.024159580386235446
1,vllm_eager_512_20260726,formal,2,1129,18.4 (Debian 18.4-1.pgdg12+1),0.8.2,345,1785064723.0401719,snapshot,NVIDIA GeForce RTX 5070,97,11605,12227,74.51,ok,16,0,0.025192720336962515
1,vllm_eager_512_20260726,formal,2,1129,18.4 (Debian 18.4-1.pgdg12+1),0.8.2,346,1785064723.3660533,snapshot,NVIDIA GeForce RTX 5070,97,11605,12227,74.51,ok,16,0,0.025590081856473046
1,vllm_eager_512_20260726,formal,2,1129,18.4 (Debian 18.4-1.pgdg12+1),0.8.2,347,1785064723.6938248,snapshot,NVIDIA GeForce RTX 5070,97,11605,12227,72.07,ok,16,0,0.026305332591591846
1,vllm_eager_512_20260726,formal,2,1129,18.4 (Debian 18.4-1.pgdg12+1),0.8.2,348,1785064724.0174503,snapshot,NVIDIA GeForce RTX 5070,97,11599,12227,69.16,ok,16,0,0.026702694111102265
1,vllm_eager_512_20260726,formal,2,1129,18.4 (Debian 18.4-1.pgdg12+1),0.8.2,349,1785064724.3460033,snapshot,NVIDIA GeForce RTX 5070,97,11599,12227,69.16,ok,15,0,0.026861638718906455
1,vllm_eager_512_20260726,formal,2,1129,18.4 (Debian 18.4-1.pgdg12+1),0.8.2,350,1785064724.672381,snapshot,NVIDIA GeForce RTX 5070,97,11605,12227,70.18,ok,14,0,0.024954303425256286
1,vllm_eager_512_20260726,formal,2,1129,18.4 (Debian 18.4-1.pgdg12+1),0.8.2,351,1785064724.99855,snapshot,NVIDIA GeForce RTX 5070,97,11605,12227,70.18,ok,23,0,0.028053723277437825
1,vllm_eager_512_20260726,formal,2,1129,18.4 (Debian 18.4-1.pgdg12+1),0.8.2,352,1785064725.3258545,snapshot,NVIDIA GeForce RTX 5070,99,11605,12227,69.29,ok,23,0,0.029007390924262855
1,vllm_eager_512_20260726,formal,2,1129,18.4 (Debian 18.4-1.pgdg12+1),0.8.2,353,1785064725.6495037,snapshot,NVIDIA GeForce RTX 5070,99,11599,12227,74.15,ok,23,0,0.030358420090598415
1,vllm_eager_512_20260726,formal,2,1129,18.4 (Debian 18.4-1.pgdg12+1),0.8.2,354,1785064725.9762514,snapshot,NVIDIA GeForce RTX 5070,99,11605,12227,74.15,ok,23,0,0.028371612493046205
1,vllm_eager_512_20260726,formal,2,1129,18.4 (Debian 18.4-1.pgdg12+1),0.8.2,355,1785064726.3200943,snapshot,NVIDIA GeForce RTX 5070,97,11605,12227,80.46,ok,22,0,0.027020583326710645
1,vllm_eager_512_20260726,formal,2,1129,18.4 (Debian 18.4-1.pgdg12+1),0.8.2,356,1785064726.660161,snapshot,NVIDIA GeForce RTX 5070,97,11605,12227,83.78,ok,21,0,0.026305332591591846
1,vllm_eager_512_20260726,formal,2,1129,18.4 (Debian 18.4-1.pgdg12+1),0.8.2,357,1785064726.9827194,snapshot,NVIDIA GeForce RTX 5070,97,11599,12227,83.78,ok,20,0,0.024954303425256286
1,vllm_eager_512_20260726,formal,2,1129,18.4 (Debian 18.4-1.pgdg12+1),0.8.2,358,1785064727.3117552,snapshot,NVIDIA GeForce RTX 5070,96,11599,12227,87.60,ok,20,0,0.026146387983787656
1,vllm_eager_512_20260726,formal,2,1129,18.4 (Debian 18.4-1.pgdg12+1),0.8.2,359,1785064727.6748066,snapshot,NVIDIA GeForce RTX 5070,96,11599,12227,88.75,ok,20,0,0.027497417150123216
1,vllm_eager_512_20260726,formal,2,1129,18.4 (Debian 18.4-1.pgdg12+1),0.8.2,360,1785064727.9978845,snapshot,NVIDIA GeForce RTX 5070,96,11599,12227,88.75,ok,23,0,0.030040530874990035
1,vllm_eager_512_20260726,formal,2,1129,18.4 (Debian 18.4-1.pgdg12+1),0.8.2,361,1785064728.322898,snapshot,NVIDIA GeForce RTX 5070,99,11599,12227,83.29,ok,23,0,0.030040530874990035
1,vllm_eager_512_20260726,formal,2,1129,18.4 (Debian 18.4-1.pgdg12+1),0.8.2,362,1785064728.647853,snapshot,NVIDIA GeForce RTX 5070,99,11599,12227,72.57,ok,23,0,0.030914726217913024
1,vllm_eager_512_20260726,formal,2,1129,18.4 (Debian 18.4-1.pgdg12+1),0.8.2,363,1785064728.9750316,snapshot,NVIDIA GeForce RTX 5070,99,11606,12227,72.57,ok,22,0,0.032027338472542355
1,vllm_eager_512_20260726,formal,2,1129,18.4 (Debian 18.4-1.pgdg12+1),0.8.2,364,1785064729.315783,snapshot,NVIDIA GeForce RTX 5070,96,11606,12227,76.11,ok,22,0,0.033298895334975764
1,vllm_eager_512_20260726,formal,2,1129,18.4 (Debian 18.4-1.pgdg12+1),0.8.2,365,1785064729.65981,snapshot,NVIDIA GeForce RTX 5070,96,11599,12227,84.32,ok,22,0,0.034252562981800794
1,vllm_eager_512_20260726,formal,2,1129,18.4 (Debian 18.4-1.pgdg12+1),0.8.2,366,1785064729.997079,snapshot,NVIDIA GeForce RTX 5070,96,11599,12227,84.32,ok,22,0,0.035444647540332164
1,vllm_eager_512_20260726,formal,2,1129,18.4 (Debian 18.4-1.pgdg12+1),0.8.2,367,1785064730.3239975,snapshot,NVIDIA GeForce RTX 5070,92,11599,12227,84.46,ok,21,0,0.034173090677898754
1,vllm_eager_512_20260726,formal,2,1129,18.4 (Debian 18.4-1.pgdg12+1),0.8.2,368,1785064730.6467001,snapshot,NVIDIA GeForce RTX 5070,92,11599,12227,83.48,ok,23,0,0.034570452197409174
1,vllm_eager_512_20260726,formal,2,1129,18.4 (Debian 18.4-1.pgdg12+1),0.8.2,369,1785064731.0087192,snapshot,NVIDIA GeForce RTX 5070,92,11599,12227,83.48,ok,23,0,0.036080425971548924
1,vllm_eager_512_20260726,formal,2,1129,18.4 (Debian 18.4-1.pgdg12+1),0.8.2,370,1785064731.3342323,snapshot,NVIDIA GeForce RTX 5070,96,11605,12227,83.11,ok,22,0,0.035126758324723784
1,vllm_eager_512_20260726,formal,2,1129,18.4 (Debian 18.4-1.pgdg12+1),0.8.2,371,1785064731.6611362,snapshot,NVIDIA GeForce RTX 5070,96,11599,12227,84.17,ok,22,0,0.04053087499006591
1,vllm_eager_512_20260726,formal,2,1129,18.4 (Debian 18.4-1.pgdg12+1),0.8.2,372,1785064731.9876366,snapshot,NVIDIA GeForce RTX 5070,96,11599,12227,84.17,ok,22,0,0.04053087499006591
1,vllm_eager_512_20260726,formal,2,1129,18.4 (Debian 18.4-1.pgdg12+1),0.8.2,373,1785064732.3339515,snapshot,NVIDIA GeForce RTX 5070,99,11599,12227,77.74,ok,21,0,0.039020901215926274
1,vllm_eager_512_20260726,formal,2,1129,18.4 (Debian 18.4-1.pgdg12+1),0.8.2,374,1785064732.6929436,snapshot,NVIDIA GeForce RTX 5070,99,11605,12227,69.03,ok,21,0,0.040212985774457644
1,vllm_eager_512_20260726,formal,2,1129,18.4 (Debian 18.4-1.pgdg12+1),0.8.2,375,1785064733.05142,snapshot,NVIDIA GeForce RTX 5070,97,11605,12227,75.08,ok,20,0,0.039338790431534654
1,vllm_eager_512_20260726,formal,2,1129,18.4 (Debian 18.4-1.pgdg12+1),0.8.2,376,1785064733.411996,snapshot,NVIDIA GeForce RTX 5070,97,11605,12227,75.08,ok,20,0,0.04061034729396806
1,vllm_eager_512_20260726,formal,2,1129,18.4 (Debian 18.4-1.pgdg12+1),0.8.2,377,1785064733.734699,snapshot,NVIDIA GeForce RTX 5070,97,11605,12227,83.10,ok,20,0,0.04180243185249943
1,vllm_eager_512_20260726,formal,2,1129,18.4 (Debian 18.4-1.pgdg12+1),0.8.2,378,1785064734.093044,snapshot,NVIDIA GeForce RTX 5070,97,11605,12227,83.92,ok,19,0,0.040054041166653453
1,vllm_eager_512_20260726,formal,2,1129,18.4 (Debian 18.4-1.pgdg12+1),0.8.2,379,1785064734.4162204,snapshot,NVIDIA GeForce RTX 5070,97,11605,12227,83.92,ok,19,0,0.04124612572518482
1,vllm_eager_512_20260726,formal,2,1129,18.4 (Debian 18.4-1.pgdg12+1),0.8.2,380,1785064734.744454,snapshot,NVIDIA GeForce RTX 5070,97,11605,12227,85.08,ok,19,0,0.04243821028371608
1,vllm_eager_512_20260726,formal,2,1129,18.4 (Debian 18.4-1.pgdg12+1),0.8.2,381,1785064735.0728166,snapshot,NVIDIA GeForce RTX 5070,97,11599,12227,84.43,ok,18,0,0.04092823650957644
1,vllm_eager_512_20260726,formal,2,1129,18.4 (Debian 18.4-1.pgdg12+1),0.8.2,382,1785064735.3968217,snapshot,NVIDIA GeForce RTX 5070,97,11599,12227,84.43,ok,23,0,0.04243821028371608
1,vllm_eager_512_20260726,formal,2,1129,18.4 (Debian 18.4-1.pgdg12+1),0.8.2,383,1785064735.7450664,snapshot,NVIDIA GeForce RTX 5070,97,11599,12227,81.62,ok,23,0,0.04251768258761823
1,vllm_eager_512_20260726,formal,2,1129,18.4 (Debian 18.4-1.pgdg12+1),0.8.2,384,1785064736.0863326,snapshot,NVIDIA GeForce RTX 5070,97,11599,12227,76.09,ok,28,0,0.05086227449733771
1,vllm_eager_512_20260726,formal,2,1129,18.4 (Debian 18.4-1.pgdg12+1),0.8.2,385,1785064736.4108903,snapshot,NVIDIA GeForce RTX 5070,97,11599,12227,76.09,ok,28,0,0.05086227449733771
1,vllm_eager_512_20260726,formal,2,1129,18.4 (Debian 18.4-1.pgdg12+1),0.8.2,386,1785064736.7379856,snapshot,NVIDIA GeForce RTX 5070,97,11599,12227,69.69,ok,28,0,0.05086227449733771
1,vllm_eager_512_20260726,formal,2,1129,18.4 (Debian 18.4-1.pgdg12+1),0.8.2,387,1785064737.0633147,snapshot,NVIDIA GeForce RTX 5070,98,11599,12227,67.63,ok,28,0,0.05356433283000872
1,vllm_eager_512_20260726,formal,2,1129,18.4 (Debian 18.4-1.pgdg12+1),0.8.2,388,1785064737.3897986,snapshot,NVIDIA GeForce RTX 5070,98,11599,12227,67.63,ok,28,0,0.05467694508463805
1,vllm_eager_512_20260726,formal,2,1129,18.4 (Debian 18.4-1.pgdg12+1),0.8.2,389,1785064737.7347538,snapshot,NVIDIA GeForce RTX 5070,98,11605,12227,70.17,ok,28,0,0.05578955733926727
1,vllm_eager_512_20260726,formal,2,1129,18.4 (Debian 18.4-1.pgdg12+1),0.8.2,390,1785064738.072632,snapshot,NVIDIA GeForce RTX 5070,97,11605,12227,78.91,ok,28,0,0.05737900341730906
1,vllm_eager_512_20260726,formal,2,1129,18.4 (Debian 18.4-1.pgdg12+1),0.8.2,391,1785064738.4186566,snapshot,NVIDIA GeForce RTX 5070,97,11605,12227,78.91,ok,28,0,0.0583326710641342
1,vllm_eager_512_20260726,formal,2,1129,18.4 (Debian 18.4-1.pgdg12+1),0.8.2,392,1785064738.7433026,snapshot,NVIDIA GeForce RTX 5070,97,11605,12227,82.40,ok,28,0,0.0597631725343718
1,vllm_eager_512_20260726,formal,2,1129,18.4 (Debian 18.4-1.pgdg12+1),0.8.2,393,1785064739.0689564,snapshot,NVIDIA GeForce RTX 5070,97,11605,12227,83.07,ok,28,0,0.0611936740046094
1,vllm_eager_512_20260726,formal,2,1129,18.4 (Debian 18.4-1.pgdg12+1),0.8.2,394,1785064739.3978455,snapshot,NVIDIA GeForce RTX 5070,97,11599,12227,83.07,ok,28,0,0.06230628625923862
1,vllm_eager_512_20260726,formal,2,1129,18.4 (Debian 18.4-1.pgdg12+1),0.8.2,395,1785064739.7183552,snapshot,NVIDIA GeForce RTX 5070,97,11605,12227,83.72,ok,27,0,0.06270364777874915
1,vllm_eager_512_20260726,formal,2,1129,18.4 (Debian 18.4-1.pgdg12+1),0.8.2,396,1785064740.0480654,snapshot,NVIDIA GeForce RTX 5070,97,11599,12227,82.41,ok,27,0,0.06365731542557418
1,vllm_eager_512_20260726,formal,2,1129,18.4 (Debian 18.4-1.pgdg12+1),0.8.2,397,1785064740.374502,snapshot,NVIDIA GeForce RTX 5070,97,11605,12227,82.41,ok,27,0,0.06500834459190974
1,vllm_eager_512_20260726,formal,2,1129,18.4 (Debian 18.4-1.pgdg12+1),0.8.2,398,1785064740.7029889,snapshot,NVIDIA GeForce RTX 5070,97,11599,12227,83.29,ok,29,0,0.06039895096558845
1,vllm_eager_512_20260726,formal,2,1129,18.4 (Debian 18.4-1.pgdg12+1),0.8.2,399,1785064741.028571,snapshot,NVIDIA GeForce RTX 5070,97,11599,12227,79.61,ok,28,0,0.05936581101486127
1,vllm_eager_512_20260726,formal,2,1129,18.4 (Debian 18.4-1.pgdg12+1),0.8.2,400,1785064741.3536625,snapshot,NVIDIA GeForce RTX 5070,97,11599,12227,79.61,ok,30,0,0.0647699276802034
1,vllm_eager_512_20260726,formal,2,1129,18.4 (Debian 18.4-1.pgdg12+1),0.8.2,401,1785064741.6788661,snapshot,NVIDIA GeForce RTX 5070,97,11605,12227,78.45,ok,30,0,0.0647699276802034
1,vllm_eager_512_20260726,formal,2,1129,18.4 (Debian 18.4-1.pgdg12+1),0.8.2,402,1785064742.0258641,snapshot,NVIDIA GeForce RTX 5070,97,11599,12227,78.45,ok,29,0,0.06437256616069298
1,vllm_eager_512_20260726,formal,2,1129,18.4 (Debian 18.4-1.pgdg12+1),0.8.2,403,1785064742.3656602,snapshot,NVIDIA GeForce RTX 5070,98,11605,12227,75.89,ok,29,0,0.0663593737582453
1,vllm_eager_512_20260726,formal,2,1129,18.4 (Debian 18.4-1.pgdg12+1),0.8.2,404,1785064742.70911,snapshot,NVIDIA GeForce RTX 5070,98,11605,12227,78.96,ok,29,0,0.06739251370897237
1,vllm_eager_512_20260726,formal,2,1129,18.4 (Debian 18.4-1.pgdg12+1),0.8.2,405,1785064743.0708914,snapshot,NVIDIA GeForce RTX 5070,97,11599,12227,85.83,ok,28,0,0.06826670905189547
1,vllm_eager_512_20260726,formal,2,1129,18.4 (Debian 18.4-1.pgdg12+1),0.8.2,406,1785064743.4068925,snapshot,NVIDIA GeForce RTX 5070,97,11606,12227,85.83,ok,28,0,0.06961773821823092
1,vllm_eager_512_20260726,formal,2,1129,18.4 (Debian 18.4-1.pgdg12+1),0.8.2,407,1785064743.7347903,snapshot,NVIDIA GeForce RTX 5070,97,11606,12227,81.29,ok,28,0,0.07049193356115391
1,vllm_eager_512_20260726,formal,2,1129,18.4 (Debian 18.4-1.pgdg12+1),0.8.2,408,1785064744.0653224,snapshot,NVIDIA GeForce RTX 5070,96,11606,12227,81.16,ok,28,0,0.0720813796391957
1,vllm_eager_512_20260726,formal,2,1129,18.4 (Debian 18.4-1.pgdg12+1),0.8.2,409,1785064744.389035,snapshot,NVIDIA GeForce RTX 5070,96,11599,12227,81.16,ok,28,0,0.07295557498211869
1,vllm_eager_512_20260726,formal,2,1129,18.4 (Debian 18.4-1.pgdg12+1),0.8.2,410,1785064744.73329,snapshot,NVIDIA GeForce RTX 5070,96,11599,12227,81.65,ok,27,0,0.0720813796391957
1,vllm_eager_512_20260726,formal,2,1129,18.4 (Debian 18.4-1.pgdg12+1),0.8.2,411,1785064745.0721915,snapshot,NVIDIA GeForce RTX 5070,97,11606,12227,83.36,ok,27,0,0.07287610267821665
1,vllm_eager_512_20260726,formal,2,1129,18.4 (Debian 18.4-1.pgdg12+1),0.8.2,412,1785064745.415175,snapshot,NVIDIA GeForce RTX 5070,97,11606,12227,83.36,ok,27,0,0.0743860764523564
1,vllm_eager_512_20260726,formal,2,1129,18.4 (Debian 18.4-1.pgdg12+1),0.8.2,413,1785064745.7418177,snapshot,NVIDIA GeForce RTX 5070,97,11606,12227,84.38,ok,26,0,0.07271715807041246
1,vllm_eager_512_20260726,formal,2,1129,18.4 (Debian 18.4-1.pgdg12+1),0.8.2,414,1785064746.0701475,snapshot,NVIDIA GeForce RTX 5070,97,11606,12227,85.14,ok,25,0,0.06588253993483273
1,vllm_eager_512_20260726,formal,2,1129,18.4 (Debian 18.4-1.pgdg12+1),0.8.2,415,1785064746.4171867,snapshot,NVIDIA GeForce RTX 5070,97,11599,12227,85.14,ok,25,0,0.06596201223873477
1,vllm_eager_512_20260726,formal,2,1129,18.4 (Debian 18.4-1.pgdg12+1),0.8.2,416,1785064746.7371264,snapshot,NVIDIA GeForce RTX 5070,97,11605,12227,77.31,ok,25,0,0.06747198601287452
1,vllm_eager_512_20260726,formal,2,1129,18.4 (Debian 18.4-1.pgdg12+1),0.8.2,417,1785064747.0863278,snapshot,NVIDIA GeForce RTX 5070,97,11605,12227,77.54,ok,25,0,0.0685051259636017
1,vllm_eager_512_20260726,formal,2,1129,18.4 (Debian 18.4-1.pgdg12+1),0.8.2,418,1785064747.4110305,snapshot,NVIDIA GeForce RTX 5070,97,11599,12227,77.54,ok,24,0,0.06429309385679094
1,vllm_eager_512_20260726,formal,2,1129,18.4 (Debian 18.4-1.pgdg12+1),0.8.2,419,1785064747.751042,snapshot,NVIDIA GeForce RTX 5070,97,11599,12227,83.89,ok,24,0,0.06580306763093058
1,vllm_eager_512_20260726,formal,2,1129,18.4 (Debian 18.4-1.pgdg12+1),0.8.2,420,1785064748.0936782,snapshot,NVIDIA GeForce RTX 5070,97,11599,12227,87.20,ok,24,0,0.06667726297385357
1,vllm_eager_512_20260726,formal,2,1129,18.4 (Debian 18.4-1.pgdg12+1),0.8.2,421,1785064748.4270449,snapshot,NVIDIA GeForce RTX 5070,97,11599,12227,87.20,ok,24,0,0.06802829214018913
1,vllm_eager_512_20260726,formal,2,1129,18.4 (Debian 18.4-1.pgdg12+1),0.8.2,422,1785064748.7669785,snapshot,NVIDIA GeForce RTX 5070,97,11605,12227,85.78,ok,24,0,0.06898195978701427
1,vllm_eager_512_20260726,formal,2,1129,18.4 (Debian 18.4-1.pgdg12+1),0.8.2,423,1785064749.0914786,snapshot,NVIDIA GeForce RTX 5070,97,11605,12227,82.80,ok,23,0,0.06731304140507033
1,vllm_eager_512_20260726,formal,2,1129,18.4 (Debian 18.4-1.pgdg12+1),0.8.2,424,1785064749.416794,snapshot,NVIDIA GeForce RTX 5070,97,11599,12227,82.80,ok,23,0,0.05920686640705719
1,vllm_eager_512_20260726,formal,2,1129,18.4 (Debian 18.4-1.pgdg12+1),0.8.2,425,1785064749.742944,snapshot,NVIDIA GeForce RTX 5070,97,11599,12227,80.49,ok,23,0,0.05992211714217599
1,vllm_eager_512_20260726,formal,2,1129,18.4 (Debian 18.4-1.pgdg12+1),0.8.2,426,1785064750.0716038,snapshot,NVIDIA GeForce RTX 5070,97,11599,12227,79.71,ok,21,0,0.05610744655487565
1,vllm_eager_512_20260726,formal,2,1129,18.4 (Debian 18.4-1.pgdg12+1),0.8.2,427,1785064750.4305627,snapshot,NVIDIA GeForce RTX 5070,97,11599,12227,79.71,ok,19,0,0.05483588969244213
1,vllm_eager_512_20260726,formal,2,1129,18.4 (Debian 18.4-1.pgdg12+1),0.8.2,428,1785064750.753697,snapshot,NVIDIA GeForce RTX 5070,97,11605,12227,80.96,ok,18,0,0.05427958356512752
1,vllm_eager_512_20260726,formal,2,1129,18.4 (Debian 18.4-1.pgdg12+1),0.8.2,429,1785064751.1025891,snapshot,NVIDIA GeForce RTX 5070,97,11605,12227,82.65,ok,17,0,0.05348486052610668
1,vllm_eager_512_20260726,formal,2,1129,18.4 (Debian 18.4-1.pgdg12+1),0.8.2,430,1785064751.4309926,snapshot,NVIDIA GeForce RTX 5070,97,11612,12227,82.65,ok,17,0,0.05420011126122548
1,vllm_eager_512_20260726,formal,2,1129,18.4 (Debian 18.4-1.pgdg12+1),0.8.2,431,1785064751.7494574,snapshot,NVIDIA GeForce RTX 5070,97,11612,12227,83.67,ok,26,0,0.05547166812365889
1,vllm_eager_512_20260726,formal,2,1129,18.4 (Debian 18.4-1.pgdg12+1),0.8.2,432,1785064752.0968874,snapshot,NVIDIA GeForce RTX 5070,99,11599,12227,78.33,ok,26,0,0.05547166812365889
1,vllm_eager_512_20260726,formal,2,1129,18.4 (Debian 18.4-1.pgdg12+1),0.8.2,433,1785064752.4516456,snapshot,NVIDIA GeForce RTX 5070,99,11599,12227,78.33,ok,26,0,0.05666375268219026
1,vllm_eager_512_20260726,formal,2,1129,18.4 (Debian 18.4-1.pgdg12+1),0.8.2,434,1785064752.7933202,snapshot,NVIDIA GeForce RTX 5070,99,11605,12227,73.92,ok,25,0,0.05785583724072163
1,vllm_eager_512_20260726,formal,2,1129,18.4 (Debian 18.4-1.pgdg12+1),0.8.2,435,1785064753.1310344,snapshot,NVIDIA GeForce RTX 5070,96,11605,12227,78.88,ok,25,0,0.05896844949535085
1,vllm_eager_512_20260726,formal,2,1129,18.4 (Debian 18.4-1.pgdg12+1),0.8.2,436,1785064753.4721124,snapshot,NVIDIA GeForce RTX 5070,96,11599,12227,78.88,ok,29,1,0.06159103552411982
1,vllm_eager_512_20260726,formal,2,1129,18.4 (Debian 18.4-1.pgdg12+1),0.8.2,437,1785064753.833221,snapshot,NVIDIA GeForce RTX 5070,96,11599,12227,81.55,ok,29,1,0.06159103552411982
1,vllm_eager_512_20260726,formal,2,1129,18.4 (Debian 18.4-1.pgdg12+1),0.8.2,438,1785064754.1557083,snapshot,NVIDIA GeForce RTX 5070,99,11599,12227,74.07,ok,29,1,0.06159103552411982
1,vllm_eager_512_20260726,formal,2,1129,18.4 (Debian 18.4-1.pgdg12+1),0.8.2,439,1785064754.483523,snapshot,NVIDIA GeForce RTX 5070,99,11599,12227,74.07,ok,30,0,0.06731304140507033
1,vllm_eager_512_20260726,formal,2,1129,18.4 (Debian 18.4-1.pgdg12+1),0.8.2,440,1785064754.8103864,snapshot,NVIDIA GeForce RTX 5070,99,11599,12227,66.14,ok,30,0,0.06794881983628709
1,vllm_eager_512_20260726,formal,2,1129,18.4 (Debian 18.4-1.pgdg12+1),0.8.2,441,1785064755.1541355,snapshot,NVIDIA GeForce RTX 5070,97,11599,12227,69.58,ok,30,0,0.06874354287530793
1,vllm_eager_512_20260726,formal,2,1129,18.4 (Debian 18.4-1.pgdg12+1),0.8.2,442,1785064755.4769216,snapshot,NVIDIA GeForce RTX 5070,97,11599,12227,69.58,ok,30,0,0.07041246125725187
1,vllm_eager_512_20260726,formal,2,1129,18.4 (Debian 18.4-1.pgdg12+1),0.8.2,443,1785064755.8060436,snapshot,NVIDIA GeForce RTX 5070,97,11599,12227,78.47,ok,30,0,0.07144560120797905
1,vllm_eager_512_20260726,formal,2,1129,18.4 (Debian 18.4-1.pgdg12+1),0.8.2,444,1785064756.1515307,snapshot,NVIDIA GeForce RTX 5070,97,11605,12227,82.86,ok,30,0,0.07287610267821665
1,vllm_eager_512_20260726,formal,2,1129,18.4 (Debian 18.4-1.pgdg12+1),0.8.2,445,1785064756.4961367,snapshot,NVIDIA GeForce RTX 5070,97,11612,12227,82.86,ok,29,0,0.06739251370897237
1,vllm_eager_512_20260726,formal,2,1129,18.4 (Debian 18.4-1.pgdg12+1),0.8.2,446,1785064756.8343446,snapshot,NVIDIA GeForce RTX 5070,97,11599,12227,82.98,ok,29,0,0.06834618135579751
1,vllm_eager_512_20260726,formal,2,1129,18.4 (Debian 18.4-1.pgdg12+1),0.8.2,447,1785064757.1916642,snapshot,NVIDIA GeForce RTX 5070,97,11599,12227,81.74,ok,27,0,0.06683620758165776
1,vllm_eager_512_20260726,formal,2,1129,18.4 (Debian 18.4-1.pgdg12+1),0.8.2,448,1785064757.5357096,snapshot,NVIDIA GeForce RTX 5070,97,11605,12227,78.89,ok,28,2,0.07033298895334972
1,vllm_eager_512_20260726,formal,2,1129,18.4 (Debian 18.4-1.pgdg12+1),0.8.2,449,1785064757.8561926,snapshot,NVIDIA GeForce RTX 5070,97,11605,12227,78.89,ok,28,2,0.07033298895334972
1,vllm_eager_512_20260726,formal,2,1129,18.4 (Debian 18.4-1.pgdg12+1),0.8.2,450,1785064758.2035964,snapshot,NVIDIA GeForce RTX 5070,99,11599,12227,74.02,ok,28,2,0.07033298895334972
1,vllm_eager_512_20260726,formal,2,1129,18.4 (Debian 18.4-1.pgdg12+1),0.8.2,451,1785064758.5262938,snapshot,NVIDIA GeForce RTX 5070,99,11599,12227,67.01,ok,30,0,0.07613446713820238
1,vllm_eager_512_20260726,formal,2,1129,18.4 (Debian 18.4-1.pgdg12+1),0.8.2,452,1785064758.851538,snapshot,NVIDIA GeForce RTX 5070,99,11599,12227,67.01,ok,30,0,0.07613446713820238
1,vllm_eager_512_20260726,formal,2,1129,18.4 (Debian 18.4-1.pgdg12+1),0.8.2,453,1785064759.192963,snapshot,NVIDIA GeForce RTX 5070,99,11599,12227,64.05,ok,30,0,0.07621393944210442
1,vllm_eager_512_20260726,formal,2,1129,18.4 (Debian 18.4-1.pgdg12+1),0.8.2,454,1785064759.555489,snapshot,NVIDIA GeForce RTX 5070,99,11605,12227,69.04,ok,30,0,0.07788285782404836
1,vllm_eager_512_20260726,formal,2,1129,18.4 (Debian 18.4-1.pgdg12+1),0.8.2,455,1785064759.875887,snapshot,NVIDIA GeForce RTX 5070,99,11605,12227,69.04,ok,29,0,0.07549868870698562
1,vllm_eager_512_20260726,formal,2,1129,18.4 (Debian 18.4-1.pgdg12+1),0.8.2,456,1785064760.2031314,snapshot,NVIDIA GeForce RTX 5070,97,11599,12227,78.85,ok,28,4,0.07430660414845425
1,vllm_eager_512_20260726,formal,2,1129,18.4 (Debian 18.4-1.pgdg12+1),0.8.2,457,1785064760.5283554,snapshot,NVIDIA GeForce RTX 5070,97,11599,12227,79.07,ok,28,4,0.07430660414845425
1,vllm_eager_512_20260726,formal,2,1129,18.4 (Debian 18.4-1.pgdg12+1),0.8.2,458,1785064760.8711743,snapshot,NVIDIA GeForce RTX 5070,97,11599,12227,79.07,ok,28,4,0.07430660414845425
1,vllm_eager_512_20260726,formal,2,1129,18.4 (Debian 18.4-1.pgdg12+1),0.8.2,459,1785064761.2130227,snapshot,NVIDIA GeForce RTX 5070,99,11599,12227,70.45,ok,32,0,0.07740602400063579
1,vllm_eager_512_20260726,formal,2,1129,18.4 (Debian 18.4-1.pgdg12+1),0.8.2,460,1785064761.555802,snapshot,NVIDIA GeForce RTX 5070,99,11599,12227,65.47,ok,32,0,0.07788285782404836
1,vllm_eager_512_20260726,formal,2,1129,18.4 (Debian 18.4-1.pgdg12+1),0.8.2,461,1785064761.897234,snapshot,NVIDIA GeForce RTX 5070,99,11599,12227,65.47,ok,32,0,0.07955177620599219
1,vllm_eager_512_20260726,formal,2,1129,18.4 (Debian 18.4-1.pgdg12+1),0.8.2,462,1785064762.241538,snapshot,NVIDIA GeForce RTX 5070,97,11599,12227,73.41,ok,31,0,0.08074386076452356
1,vllm_eager_512_20260726,formal,2,1129,18.4 (Debian 18.4-1.pgdg12+1),0.8.2,463,1785064762.5694258,snapshot,NVIDIA GeForce RTX 5070,97,11599,12227,83.60,ok,30,0,0.07931335929428596
1,vllm_eager_512_20260726,formal,2,1129,18.4 (Debian 18.4-1.pgdg12+1),0.8.2,464,1785064762.8931267,snapshot,NVIDIA GeForce RTX 5070,97,11599,12227,83.60,ok,34,0,0.08288961296987996
1,vllm_eager_512_20260726,formal,2,1129,18.4 (Debian 18.4-1.pgdg12+1),0.8.2,465,1785064763.2533474,snapshot,NVIDIA GeForce RTX 5070,99,11605,12227,74.95,ok,34,0,0.08328697448939049
1,vllm_eager_512_20260726,formal,2,1129,18.4 (Debian 18.4-1.pgdg12+1),0.8.2,466,1785064763.611225,snapshot,NVIDIA GeForce RTX 5070,99,11605,12227,71.93,ok,34,0,0.08479694826353013
1,vllm_eager_512_20260726,formal,2,1129,18.4 (Debian 18.4-1.pgdg12+1),0.8.2,467,1785064763.9351287,snapshot,NVIDIA GeForce RTX 5070,99,11605,12227,71.93,ok,32,0,0.08447905904792175
1,vllm_eager_512_20260726,formal,2,1129,18.4 (Debian 18.4-1.pgdg12+1),0.8.2,468,1785064764.2772374,snapshot,NVIDIA GeForce RTX 5070,97,11599,12227,79.48,ok,32,0,0.0859890328220615
1,vllm_eager_512_20260726,formal,2,1129,18.4 (Debian 18.4-1.pgdg12+1),0.8.2,469,1785064764.6036816,snapshot,NVIDIA GeForce RTX 5070,97,11599,12227,85.74,ok,32,0,0.0874195342922991
1,vllm_eager_512_20260726,formal,2,1129,18.4 (Debian 18.4-1.pgdg12+1),0.8.2,470,1785064764.9288094,snapshot,NVIDIA GeForce RTX 5070,97,11599,12227,85.74,ok,32,0,0.08869109115473262
1,vllm_eager_512_20260726,formal,2,1129,18.4 (Debian 18.4-1.pgdg12+1),0.8.2,471,1785064765.2695627,snapshot,NVIDIA GeForce RTX 5070,97,11605,12227,85.02,ok,32,0,0.0904394818405786
1,vllm_eager_512_20260726,formal,2,1129,18.4 (Debian 18.4-1.pgdg12+1),0.8.2,472,1785064765.61423,snapshot,NVIDIA GeForce RTX 5070,97,11605,12227,83.94,ok,32,0,0.09147262179130577
1,vllm_eager_512_20260726,formal,2,1129,18.4 (Debian 18.4-1.pgdg12+1),0.8.2,473,1785064765.9743934,snapshot,NVIDIA GeForce RTX 5070,97,11605,12227,83.94,ok,32,0,0.09337995708495594
1,vllm_eager_512_20260726,formal,2,1129,18.4 (Debian 18.4-1.pgdg12+1),0.8.2,474,1785064766.3312123,snapshot,NVIDIA GeForce RTX 5070,96,11605,12227,85.12,ok,35,0,0.0845585313518239
1,vllm_eager_512_20260726,formal,2,1129,18.4 (Debian 18.4-1.pgdg12+1),0.8.2,475,1785064766.672973,snapshot,NVIDIA GeForce RTX 5070,96,11599,12227,80.14,ok,35,0,0.0845585313518239
1,vllm_eager_512_20260726,formal,2,1129,18.4 (Debian 18.4-1.pgdg12+1),0.8.2,476,1785064767.0158854,snapshot,NVIDIA GeForce RTX 5070,96,11605,12227,80.14,ok,35,0,0.08535325439084485
1,vllm_eager_512_20260726,formal,2,1129,18.4 (Debian 18.4-1.pgdg12+1),0.8.2,477,1785064767.3386204,snapshot,NVIDIA GeForce RTX 5070,97,11605,12227,75.56,ok,35,0,0.0867042835571803
1,vllm_eager_512_20260726,formal,2,1129,18.4 (Debian 18.4-1.pgdg12+1),0.8.2,478,1785064767.6865,snapshot,NVIDIA GeForce RTX 5070,97,11605,12227,77.15,ok,35,0,0.08797584041961382
1,vllm_eager_512_20260726,formal,2,1129,18.4 (Debian 18.4-1.pgdg12+1),0.8.2,479,1785064768.0445755,snapshot,NVIDIA GeForce RTX 5070,97,11605,12227,83.75,ok,34,0,0.08765795120400544
1,vllm_eager_512_20260726,formal,2,1129,18.4 (Debian 18.4-1.pgdg12+1),0.8.2,480,1785064768.369552,snapshot,NVIDIA GeForce RTX 5070,97,11605,12227,83.75,ok,34,0,0.08877056345863465
1,vllm_eager_512_20260726,formal,2,1129,18.4 (Debian 18.4-1.pgdg12+1),0.8.2,481,1785064768.711545,snapshot,NVIDIA GeForce RTX 5070,97,11605,12227,82.02,ok,34,0,0.08988317571326387
1,vllm_eager_512_20260726,formal,2,1129,18.4 (Debian 18.4-1.pgdg12+1),0.8.2,482,1785064769.0703988,snapshot,NVIDIA GeForce RTX 5070,97,11605,12227,82.78,ok,33,0,0.08908845267424303
1,vllm_eager_512_20260726,formal,2,1129,18.4 (Debian 18.4-1.pgdg12+1),0.8.2,483,1785064769.3927174,snapshot,NVIDIA GeForce RTX 5070,97,11599,12227,82.78,ok,31,0,0.08646586664547407
1,vllm_eager_512_20260726,formal,2,1129,18.4 (Debian 18.4-1.pgdg12+1),0.8.2,484,1785064769.7231731,snapshot,NVIDIA GeForce RTX 5070,97,11605,12227,88.07,ok,31,0,0.08781689581180963
1,vllm_eager_512_20260726,formal,2,1129,18.4 (Debian 18.4-1.pgdg12+1),0.8.2,485,1785064770.050318,snapshot,NVIDIA GeForce RTX 5070,97,11605,12227,86.20,ok,31,0,0.08908845267424303
1,vllm_eager_512_20260726,formal,2,1129,18.4 (Debian 18.4-1.pgdg12+1),0.8.2,486,1785064770.390922,snapshot,NVIDIA GeForce RTX 5070,97,11599,12227,86.20,ok,31,0,0.09036000953667644
1,vllm_eager_512_20260726,formal,2,1129,18.4 (Debian 18.4-1.pgdg12+1),0.8.2,487,1785064770.7151022,snapshot,NVIDIA GeForce RTX 5070,97,11599,12227,82.88,ok,30,0,0.0881347850274179
1,vllm_eager_512_20260726,formal,2,1129,18.4 (Debian 18.4-1.pgdg12+1),0.8.2,488,1785064771.0548506,snapshot,NVIDIA GeForce RTX 5070,97,11599,12227,81.39,ok,30,0,0.0895652864976556
1,vllm_eager_512_20260726,formal,2,1129,18.4 (Debian 18.4-1.pgdg12+1),0.8.2,489,1785064771.4156885,snapshot,NVIDIA GeForce RTX 5070,97,11599,12227,81.39,ok,30,0,0.09067789875228482
1,vllm_eager_512_20260726,formal,2,1129,18.4 (Debian 18.4-1.pgdg12+1),0.8.2,490,1785064771.7409682,snapshot,NVIDIA GeForce RTX 5070,97,11599,12227,84.37,ok,31,0,0.08304855757768415
1,vllm_eager_512_20260726,formal,2,1129,18.4 (Debian 18.4-1.pgdg12+1),0.8.2,491,1785064772.0701616,snapshot,NVIDIA GeForce RTX 5070,98,11606,12227,76.91,ok,31,0,0.08352539140109672
1,vllm_eager_512_20260726,formal,2,1129,18.4 (Debian 18.4-1.pgdg12+1),0.8.2,492,1785064772.3950925,snapshot,NVIDIA GeForce RTX 5070,98,11606,12227,76.91,ok,30,0,0.0845585313518239
1,vllm_eager_512_20260726,formal,2,1129,18.4 (Debian 18.4-1.pgdg12+1),0.8.2,493,1785064772.7409785,snapshot,NVIDIA GeForce RTX 5070,98,11599,12227,74.48,ok,30,0,0.08622744973376784
1,vllm_eager_512_20260726,formal,2,1129,18.4 (Debian 18.4-1.pgdg12+1),0.8.2,494,1785064773.0817459,snapshot,NVIDIA GeForce RTX 5070,97,11599,12227,82.98,ok,29,0,0.08273066836207577
1,vllm_eager_512_20260726,formal,2,1129,18.4 (Debian 18.4-1.pgdg12+1),0.8.2,495,1785064773.4227216,snapshot,NVIDIA GeForce RTX 5070,97,11599,12227,82.98,ok,29,0,0.0838432806167051
1,vllm_eager_512_20260726,formal,2,1129,18.4 (Debian 18.4-1.pgdg12+1),0.8.2,496,1785064773.7469435,snapshot,NVIDIA GeForce RTX 5070,97,11605,12227,83.32,ok,28,0,0.08185647301915278
1,vllm_eager_512_20260726,formal,2,1129,18.4 (Debian 18.4-1.pgdg12+1),0.8.2,497,1785064774.0795193,snapshot,NVIDIA GeForce RTX 5070,97,11599,12227,82.83,ok,28,0,0.0831280298815863
1,vllm_eager_512_20260726,formal,2,1129,18.4 (Debian 18.4-1.pgdg12+1),0.8.2,498,1785064774.4353988,snapshot,NVIDIA GeForce RTX 5070,97,11606,12227,82.83,ok,28,0,0.08447905904792175
1,vllm_eager_512_20260726,formal,2,1129,18.4 (Debian 18.4-1.pgdg12+1),0.8.2,499,1785064774.7760544,snapshot,NVIDIA GeForce RTX 5070,97,11606,12227,83.23,ok,27,0,0.08288961296987996
1,vllm_eager_512_20260726,formal,2,1129,18.4 (Debian 18.4-1.pgdg12+1),0.8.2,500,1785064775.119061,snapshot,NVIDIA GeForce RTX 5070,97,11606,12227,84.11,ok,26,0,0.08193594532305493
1,vllm_eager_512_20260726,formal,2,1129,18.4 (Debian 18.4-1.pgdg12+1),0.8.2,501,1785064775.4599733,snapshot,NVIDIA GeForce RTX 5070,97,11599,12227,84.11,ok,33,0,0.0822538345386633
1,vllm_eager_512_20260726,formal,2,1129,18.4 (Debian 18.4-1.pgdg12+1),0.8.2,502,1785064775.8158689,snapshot,NVIDIA GeForce RTX 5070,97,11599,12227,79.61,ok,33,0,0.0831280298815863
1,vllm_eager_512_20260726,formal,2,1129,18.4 (Debian 18.4-1.pgdg12+1),0.8.2,503,1785064776.1547067,snapshot,NVIDIA GeForce RTX 5070,97,11599,12227,76.79,ok,33,0,0.08424064213621552
1,vllm_eager_512_20260726,formal,2,1129,18.4 (Debian 18.4-1.pgdg12+1),0.8.2,504,1785064776.498651,snapshot,NVIDIA GeForce RTX 5070,97,11605,12227,76.79,ok,32,0,0.0851148374791385
1,vllm_eager_512_20260726,formal,2,1129,18.4 (Debian 18.4-1.pgdg12+1),0.8.2,505,1785064776.844546,snapshot,NVIDIA GeForce RTX 5070,97,11605,12227,81.90,ok,32,0,0.0865453389493761
1,vllm_eager_512_20260726,formal,2,1129,18.4 (Debian 18.4-1.pgdg12+1),0.8.2,506,1785064777.166802,snapshot,NVIDIA GeForce RTX 5070,97,11599,12227,81.86,ok,29,0,0.07963124850989434
1,vllm_eager_512_20260726,formal,2,1129,18.4 (Debian 18.4-1.pgdg12+1),0.8.2,507,1785064777.4948938,snapshot,NVIDIA GeForce RTX 5070,97,11599,12227,81.86,ok,28,0,0.07557816101088766
1,vllm_eager_512_20260726,formal,2,1129,18.4 (Debian 18.4-1.pgdg12+1),0.8.2,508,1785064777.83936,snapshot,NVIDIA GeForce RTX 5070,97,11605,12227,80.37,ok,27,0,0.07541921640308358
1,vllm_eager_512_20260726,formal,2,1129,18.4 (Debian 18.4-1.pgdg12+1),0.8.2,509,1785064778.1810617,snapshot,NVIDIA GeForce RTX 5070,97,11599,12227,83.29,ok,25,0,0.07080982277676229
1,vllm_eager_512_20260726,formal,2,1129,18.4 (Debian 18.4-1.pgdg12+1),0.8.2,510,1785064778.5068142,snapshot,NVIDIA GeForce RTX 5070,97,11599,12227,83.29,ok,31,0,0.07184296272748947
1,vllm_eager_512_20260726,formal,2,1129,18.4 (Debian 18.4-1.pgdg12+1),0.8.2,511,1785064778.8294013,snapshot,NVIDIA GeForce RTX 5070,97,11598,12227,78.84,ok,31,0,0.07327346419772707
1,vllm_eager_512_20260726,formal,2,1129,18.4 (Debian 18.4-1.pgdg12+1),0.8.2,512,1785064779.1567063,snapshot,NVIDIA GeForce RTX 5070,97,11599,12227,74.69,ok,31,0,0.07422713184455221
1,vllm_eager_512_20260726,formal,2,1129,18.4 (Debian 18.4-1.pgdg12+1),0.8.2,513,1785064779.4814544,snapshot,NVIDIA GeForce RTX 5070,97,11599,12227,74.69,ok,31,0,0.07573710561869185
1,vllm_eager_512_20260726,formal,2,1129,18.4 (Debian 18.4-1.pgdg12+1),0.8.2,514,1785064779.8064244,snapshot,NVIDIA GeForce RTX 5070,97,11605,12227,79.44,ok,26,0,0.05189541444806489
1,vllm_eager_512_20260726,formal,2,1129,18.4 (Debian 18.4-1.pgdg12+1),0.8.2,515,1785064780.1345396,snapshot,NVIDIA GeForce RTX 5070,98,11605,12227,80.62,ok,30,0,0.06031947866168641
1,vllm_eager_512_20260726,formal,2,1129,18.4 (Debian 18.4-1.pgdg12+1),0.8.2,516,1785064780.4814122,snapshot,NVIDIA GeForce RTX 5070,98,11599,12227,80.62,ok,30,0,0.06031947866168641
1,vllm_eager_512_20260726,formal,2,1129,18.4 (Debian 18.4-1.pgdg12+1),0.8.2,517,1785064780.8037262,snapshot,NVIDIA GeForce RTX 5070,98,11599,12227,72.06,ok,30,0,0.06159103552411982
1,vllm_eager_512_20260726,formal,2,1129,18.4 (Debian 18.4-1.pgdg12+1),0.8.2,518,1785064781.130405,snapshot,NVIDIA GeForce RTX 5070,97,11605,12227,70.16,ok,30,0,0.06254470317094496
1,vllm_eager_512_20260726,formal,2,1129,18.4 (Debian 18.4-1.pgdg12+1),0.8.2,519,1785064781.4739263,snapshot,NVIDIA GeForce RTX 5070,97,11605,12227,70.16,ok,29,0,0.05968370023046965
1,vllm_eager_512_20260726,formal,2,1129,18.4 (Debian 18.4-1.pgdg12+1),0.8.2,520,1785064781.8014078,snapshot,NVIDIA GeForce RTX 5070,97,11599,12227,81.35,ok,29,0,0.06151156322021778
1,vllm_eager_512_20260726,formal,2,1129,18.4 (Debian 18.4-1.pgdg12+1),0.8.2,521,1785064782.1288726,snapshot,NVIDIA GeForce RTX 5070,96,11605,12227,88.33,ok,29,0,0.062624175474847
1,vllm_eager_512_20260726,formal,2,1129,18.4 (Debian 18.4-1.pgdg12+1),0.8.2,522,1785064782.4574673,snapshot,NVIDIA GeForce RTX 5070,96,11605,12227,88.33,ok,29,0,0.06429309385679094
1,vllm_eager_512_20260726,formal,2,1129,18.4 (Debian 18.4-1.pgdg12+1),0.8.2,523,1785064782.8024652,snapshot,NVIDIA GeForce RTX 5070,96,11605,12227,87.92,ok,29,0,0.06556465071922435
1,vllm_eager_512_20260726,formal,2,1129,18.4 (Debian 18.4-1.pgdg12+1),0.8.2,524,1785064783.1273463,snapshot,NVIDIA GeForce RTX 5070,97,11599,12227,85.06,ok,27,0,0.05618691885877769
1,vllm_eager_512_20260726,formal,2,1129,18.4 (Debian 18.4-1.pgdg12+1),0.8.2,525,1785064783.4511125,snapshot,NVIDIA GeForce RTX 5070,97,11605,12227,85.06,ok,36,0,0.05110069140904394
1,vllm_eager_512_20260726,formal,2,1129,18.4 (Debian 18.4-1.pgdg12+1),0.8.2,526,1785064783.795718,snapshot,NVIDIA GeForce RTX 5070,97,11605,12227,79.02,ok,36,0,0.05261066518318369
1,vllm_eager_512_20260726,formal,2,1129,18.4 (Debian 18.4-1.pgdg12+1),0.8.2,527,1785064784.1374629,snapshot,NVIDIA GeForce RTX 5070,97,11599,12227,80.68,ok,36,0,0.05396169434951914
1,vllm_eager_512_20260726,formal,2,1129,18.4 (Debian 18.4-1.pgdg12+1),0.8.2,528,1785064784.4674664,snapshot,NVIDIA GeForce RTX 5070,97,11605,12227,80.68,ok,36,0,0.05491536199634428
1,vllm_eager_512_20260726,formal,2,1129,18.4 (Debian 18.4-1.pgdg12+1),0.8.2,529,1785064784.792099,snapshot,NVIDIA GeForce RTX 5070,97,11605,12227,84.20,ok,42,0,0.04831916077247078
1,vllm_eager_512_20260726,formal,2,1129,18.4 (Debian 18.4-1.pgdg12+1),0.8.2,530,1785064785.1371205,snapshot,NVIDIA GeForce RTX 5070,98,11605,12227,81.39,ok,42,0,0.04967018993880634
1,vllm_eager_512_20260726,formal,2,1129,18.4 (Debian 18.4-1.pgdg12+1),0.8.2,531,1785064785.4753482,snapshot,NVIDIA GeForce RTX 5070,98,11605,12227,81.39,ok,41,0,0.05125963601684813
1,vllm_eager_512_20260726,formal,2,1129,18.4 (Debian 18.4-1.pgdg12+1),0.8.2,532,1785064785.8224761,snapshot,NVIDIA GeForce RTX 5070,98,11605,12227,83.50,ok,39,0,0.04990860685051257
1,vllm_eager_512_20260726,formal,2,1129,18.4 (Debian 18.4-1.pgdg12+1),0.8.2,533,1785064786.1651008,snapshot,NVIDIA GeForce RTX 5070,98,11599,12227,84.30,ok,38,0,0.04887546689978539
1,vllm_eager_512_20260726,formal,2,1129,18.4 (Debian 18.4-1.pgdg12+1),0.8.2,534,1785064786.4876206,snapshot,NVIDIA GeForce RTX 5070,98,11599,12227,84.30,ok,47,0,0.05515377890805051
1,vllm_eager_512_20260726,formal,2,1129,18.4 (Debian 18.4-1.pgdg12+1),0.8.2,535,1785064786.815709,snapshot,NVIDIA GeForce RTX 5070,98,11599,12227,82.15,ok,47,0,0.0553127235158547
1,vllm_eager_512_20260726,formal,2,1129,18.4 (Debian 18.4-1.pgdg12+1),0.8.2,536,1785064787.1550498,snapshot,NVIDIA GeForce RTX 5070,98,11605,12227,77.43,ok,46,0,0.05618691885877769
1,vllm_eager_512_20260726,formal,2,1129,18.4 (Debian 18.4-1.pgdg12+1),0.8.2,537,1785064787.5170388,snapshot,NVIDIA GeForce RTX 5070,98,11605,12227,77.43,ok,46,0,0.05809425415242786
1,vllm_eager_512_20260726,formal,2,1129,18.4 (Debian 18.4-1.pgdg12+1),0.8.2,538,1785064787.857286,snapshot,NVIDIA GeForce RTX 5070,98,11605,12227,77.56,ok,46,0,0.05968370023046965
1,vllm_eager_512_20260726,formal,2,1129,18.4 (Debian 18.4-1.pgdg12+1),0.8.2,539,1785064788.1995418,snapshot,NVIDIA GeForce RTX 5070,98,11605,12227,81.97,ok,45,0,0.05968370023046965
1,vllm_eager_512_20260726,formal,2,1129,18.4 (Debian 18.4-1.pgdg12+1),0.8.2,540,1785064788.547263,snapshot,NVIDIA GeForce RTX 5070,98,11599,12227,83.04,ok,45,0,0.06127314630851144
1,vllm_eager_512_20260726,formal,2,1129,18.4 (Debian 18.4-1.pgdg12+1),0.8.2,541,1785064788.869542,snapshot,NVIDIA GeForce RTX 5070,98,11599,12227,83.04,ok,44,0,0.06127314630851144
1,vllm_eager_512_20260726,formal,2,1129,18.4 (Debian 18.4-1.pgdg12+1),0.8.2,542,1785064789.194773,snapshot,NVIDIA GeForce RTX 5070,97,11605,12227,88.09,ok,44,0,0.06278312008265119
1,vllm_eager_512_20260726,formal,2,1129,18.4 (Debian 18.4-1.pgdg12+1),0.8.2,543,1785064789.5410485,snapshot,NVIDIA GeForce RTX 5070,97,11599,12227,88.18,ok,44,0,0.06437256616069298
1,vllm_eager_512_20260726,formal,2,1129,18.4 (Debian 18.4-1.pgdg12+1),0.8.2,544,1785064789.864761,snapshot,NVIDIA GeForce RTX 5070,97,11599,12227,88.18,ok,43,0,0.06532623380751812
1,vllm_eager_512_20260726,formal,2,1129,18.4 (Debian 18.4-1.pgdg12+1),0.8.2,545,1785064790.211333,snapshot,NVIDIA GeForce RTX 5070,97,11599,12227,86.44,ok,43,0,0.06667726297385357
1,vllm_eager_512_20260726,formal,2,1129,18.4 (Debian 18.4-1.pgdg12+1),0.8.2,546,1785064790.5355432,snapshot,NVIDIA GeForce RTX 5070,97,11605,12227,84.97,ok,41,0,0.05380274974171506
1,vllm_eager_512_20260726,formal,2,1129,18.4 (Debian 18.4-1.pgdg12+1),0.8.2,547,1785064790.8773825,snapshot,NVIDIA GeForce RTX 5070,97,11605,12227,84.97,ok,41,0,0.05499483430024632
1,vllm_eager_512_20260726,formal,2,1129,18.4 (Debian 18.4-1.pgdg12+1),0.8.2,548,1785064791.2011044,snapshot,NVIDIA GeForce RTX 5070,97,11605,12227,82.92,ok,41,0,0.05682269728999445
1,vllm_eager_512_20260726,formal,2,1129,18.4 (Debian 18.4-1.pgdg12+1),0.8.2,549,1785064791.5264812,snapshot,NVIDIA GeForce RTX 5070,97,11605,12227,87.60,ok,40,0,0.05745847572121121
1,vllm_eager_512_20260726,formal,2,1129,18.4 (Debian 18.4-1.pgdg12+1),0.8.2,550,1785064791.8545597,snapshot,NVIDIA GeForce RTX 5070,97,11599,12227,87.60,ok,40,0,0.05928633871095923
1,vllm_eager_512_20260726,formal,2,1129,18.4 (Debian 18.4-1.pgdg12+1),0.8.2,551,1785064792.215047,snapshot,NVIDIA GeForce RTX 5070,97,11599,12227,88.24,ok,40,0,0.06039895096558845
1,vllm_eager_512_20260726,formal,2,1129,18.4 (Debian 18.4-1.pgdg12+1),0.8.2,552,1785064792.5375476,snapshot,NVIDIA GeForce RTX 5070,97,11599,12227,87.00,ok,40,0,0.06222681395533658
1,vllm_eager_512_20260726,formal,2,1129,18.4 (Debian 18.4-1.pgdg12+1),0.8.2,553,1785064792.8639293,snapshot,NVIDIA GeForce RTX 5070,97,11599,12227,87.00,ok,40,0,0.06357784312167214
1,vllm_eager_512_20260726,formal,2,1129,18.4 (Debian 18.4-1.pgdg12+1),0.8.2,554,1785064793.1924229,snapshot,NVIDIA GeForce RTX 5070,97,11605,12227,87.28,ok,39,0,0.06445203846459513
1,vllm_eager_512_20260726,formal,2,1129,18.4 (Debian 18.4-1.pgdg12+1),0.8.2,555,1785064793.5391777,snapshot,NVIDIA GeForce RTX 5070,97,11605,12227,89.99,ok,38,0,0.06492887228800759
1,vllm_eager_512_20260726,formal,2,1129,18.4 (Debian 18.4-1.pgdg12+1),0.8.2,556,1785064793.8772597,snapshot,NVIDIA GeForce RTX 5070,97,11599,12227,89.99,ok,36,0,0.06286259238655334
1,vllm_eager_512_20260726,formal,2,1129,18.4 (Debian 18.4-1.pgdg12+1),0.8.2,557,1785064794.204641,snapshot,NVIDIA GeForce RTX 5070,97,11599,12227,89.12,ok,35,0,0.062624175474847
1,vllm_eager_512_20260726,formal,2,1129,18.4 (Debian 18.4-1.pgdg12+1),0.8.2,558,1785064794.5314462,snapshot,NVIDIA GeForce RTX 5070,97,11605,12227,87.07,ok,33,0,0.06039895096558845
1,vllm_eager_512_20260726,formal,2,1129,18.4 (Debian 18.4-1.pgdg12+1),0.8.2,559,1785064794.8574183,snapshot,NVIDIA GeForce RTX 5070,97,11599,12227,87.07,ok,31,0,0.05825319876023205
1,vllm_eager_512_20260726,formal,2,1129,18.4 (Debian 18.4-1.pgdg12+1),0.8.2,560,1785064795.1957836,snapshot,NVIDIA GeForce RTX 5070,97,11599,12227,85.61,ok,29,0,0.05181594214416274
1,vllm_eager_512_20260726,formal,2,1129,18.4 (Debian 18.4-1.pgdg12+1),0.8.2,561,1785064795.5218773,snapshot,NVIDIA GeForce RTX 5070,97,11605,12227,79.95,ok,32,0,0.05412063895732333
1,vllm_eager_512_20260726,formal,2,1129,18.4 (Debian 18.4-1.pgdg12+1),0.8.2,562,1785064795.848963,snapshot,NVIDIA GeForce RTX 5070,97,11605,12227,79.95,ok,31,0,0.05427958356512752
1,vllm_eager_512_20260726,formal,2,1129,18.4 (Debian 18.4-1.pgdg12+1),0.8.2,563,1785064796.183998,snapshot,NVIDIA GeForce RTX 5070,96,11618,12227,81.94,ok,31,0,0.05594850194707146
1,vllm_eager_512_20260726,formal,2,1129,18.4 (Debian 18.4-1.pgdg12+1),0.8.2,564,1785064796.5201423,snapshot,NVIDIA GeForce RTX 5070,96,11605,12227,81.94,ok,31,0,0.05769689263291744
1,vllm_eager_512_20260726,formal,2,1129,18.4 (Debian 18.4-1.pgdg12+1),0.8.2,565,1785064796.8637571,snapshot,NVIDIA GeForce RTX 5070,96,11605,12227,86.28,ok,30,0,0.05745847572121121
1,vllm_eager_512_20260726,formal,2,1129,18.4 (Debian 18.4-1.pgdg12+1),0.8.2,566,1785064797.2082934,snapshot,NVIDIA GeForce RTX 5070,97,11605,12227,86.76,ok,29,0,0.05729953111340702
1,vllm_eager_512_20260726,formal,2,1129,18.4 (Debian 18.4-1.pgdg12+1),0.8.2,567,1785064797.53229,snapshot,NVIDIA GeForce RTX 5070,97,11605,12227,85.59,ok,28,0,0.05539219581975685
1,vllm_eager_512_20260726,formal,2,1129,18.4 (Debian 18.4-1.pgdg12+1),0.8.2,568,1785064797.8918476,snapshot,NVIDIA GeForce RTX 5070,97,11605,12227,85.59,ok,28,0,0.05634586346658188
1,vllm_eager_512_20260726,formal,2,1129,18.4 (Debian 18.4-1.pgdg12+1),0.8.2,569,1785064798.2161875,snapshot,NVIDIA GeForce RTX 5070,97,11605,12227,86.65,ok,28,0,0.05809425415242786
1,vllm_eager_512_20260726,formal,2,1129,18.4 (Debian 18.4-1.pgdg12+1),0.8.2,570,1785064798.5411408,snapshot,NVIDIA GeForce RTX 5070,97,11605,12227,86.55,ok,33,0,0.05817372645633001
1,vllm_eager_512_20260726,formal,2,1129,18.4 (Debian 18.4-1.pgdg12+1),0.8.2,571,1785064798.8663883,snapshot,NVIDIA GeForce RTX 5070,97,11599,12227,86.55,ok,32,0,0.05785583724072163
1,vllm_eager_512_20260726,formal,2,1129,18.4 (Debian 18.4-1.pgdg12+1),0.8.2,572,1785064799.1934566,snapshot,NVIDIA GeForce RTX 5070,97,11599,12227,84.97,ok,30,0,0.0560279742509735
1,vllm_eager_512_20260726,formal,2,1129,18.4 (Debian 18.4-1.pgdg12+1),0.8.2,573,1785064799.556522,snapshot,NVIDIA GeForce RTX 5070,97,11599,12227,86.86,ok,30,0,0.05761742032901529
1,vllm_eager_512_20260726,formal,2,1129,18.4 (Debian 18.4-1.pgdg12+1),0.8.2,574,1785064799.8964021,snapshot,NVIDIA GeForce RTX 5070,97,11605,12227,86.86,ok,34,0,0.06294206469045538
1,vllm_eager_512_20260726,formal,2,1129,18.4 (Debian 18.4-1.pgdg12+1),0.8.2,575,1785064800.2424634,snapshot,NVIDIA GeForce RTX 5070,98,11605,12227,86.27,ok,34,0,0.06294206469045538
1,vllm_eager_512_20260726,formal,2,1129,18.4 (Debian 18.4-1.pgdg12+1),0.8.2,576,1785064800.5650926,snapshot,NVIDIA GeForce RTX 5070,98,11605,12227,77.57,ok,34,0,0.06349837081776999
1,vllm_eager_512_20260726,formal,2,1129,18.4 (Debian 18.4-1.pgdg12+1),0.8.2,577,1785064800.890367,snapshot,NVIDIA GeForce RTX 5070,98,11605,12227,77.57,ok,33,0,0.06286259238655334
1,vllm_eager_512_20260726,formal,2,1129,18.4 (Debian 18.4-1.pgdg12+1),0.8.2,578,1785064801.2347922,snapshot,NVIDIA GeForce RTX 5070,97,11599,12227,79.41,ok,32,0,0.06222681395533658
1,vllm_eager_512_20260726,formal,2,1129,18.4 (Debian 18.4-1.pgdg12+1),0.8.2,579,1785064801.5797765,snapshot,NVIDIA GeForce RTX 5070,97,11605,12227,84.97,ok,35,0,0.05404116665342129
1,vllm_eager_512_20260726,formal,2,1129,18.4 (Debian 18.4-1.pgdg12+1),0.8.2,580,1785064801.9177957,snapshot,NVIDIA GeForce RTX 5070,97,11599,12227,84.97,ok,32,0,0.04355082253834541
1,vllm_eager_512_20260726,formal,2,1129,18.4 (Debian 18.4-1.pgdg12+1),0.8.2,581,1785064802.2575765,snapshot,NVIDIA GeForce RTX 5070,97,11599,12227,81.33,ok,31,0,0.04498132400858301
1,vllm_eager_512_20260726,formal,2,1129,18.4 (Debian 18.4-1.pgdg12+1),0.8.2,582,1785064802.606053,snapshot,NVIDIA GeForce RTX 5070,97,11599,12227,84.87,ok,28,0,0.038146705873003284
1,vllm_eager_512_20260726,formal,2,1129,18.4 (Debian 18.4-1.pgdg12+1),0.8.2,583,1785064802.9464495,snapshot,NVIDIA GeForce RTX 5070,97,11605,12227,84.87,ok,34,0,0.03965667964714292
1,vllm_eager_512_20260726,formal,2,1129,18.4 (Debian 18.4-1.pgdg12+1),0.8.2,584,1785064803.2879727,snapshot,NVIDIA GeForce RTX 5070,99,11605,12227,81.99,ok,34,0,0.04092823650957644
1,vllm_eager_512_20260726,formal,2,1129,18.4 (Debian 18.4-1.pgdg12+1),0.8.2,585,1785064803.6093638,snapshot,NVIDIA GeForce RTX 5070,99,11599,12227,82.41,ok,34,0,0.04243821028371608
1,vllm_eager_512_20260726,formal,2,1129,18.4 (Debian 18.4-1.pgdg12+1),0.8.2,586,1785064803.955037,snapshot,NVIDIA GeForce RTX 5070,99,11605,12227,82.41,ok,34,0,0.04378923945005164
1,vllm_eager_512_20260726,formal,2,1129,18.4 (Debian 18.4-1.pgdg12+1),0.8.2,587,1785064804.294918,snapshot,NVIDIA GeForce RTX 5070,97,11598,12227,90.32,ok,33,0,0.04466343479297463
1,vllm_eager_512_20260726,formal,2,1129,18.4 (Debian 18.4-1.pgdg12+1),0.8.2,588,1785064804.6361425,snapshot,NVIDIA GeForce RTX 5070,97,11605,12227,87.78,ok,33,0,0.045855519351506
1,vllm_eager_512_20260726,formal,2,1129,18.4 (Debian 18.4-1.pgdg12+1),0.8.2,589,1785064804.962066,snapshot,NVIDIA GeForce RTX 5070,97,11605,12227,87.78,ok,32,0,0.04696813160613522
1,vllm_eager_512_20260726,formal,2,1129,18.4 (Debian 18.4-1.pgdg12+1),0.8.2,590,1785064805.2933638,snapshot,NVIDIA GeForce RTX 5070,97,11598,12227,85.07,ok,31,0,0.04553763013589762
1,vllm_eager_512_20260726,formal,2,1129,18.4 (Debian 18.4-1.pgdg12+1),0.8.2,591,1785064805.6200519,snapshot,NVIDIA GeForce RTX 5070,97,11598,12227,85.15,ok,30,0,0.04593499165540804
1,vllm_eager_512_20260726,formal,2,1129,18.4 (Debian 18.4-1.pgdg12+1),0.8.2,592,1785064805.963784,snapshot,NVIDIA GeForce RTX 5070,97,11598,12227,85.15,ok,34,0,0.040371930382261834
1,vllm_eager_512_20260726,formal,2,1129,18.4 (Debian 18.4-1.pgdg12+1),0.8.2,593,1785064806.321832,snapshot,NVIDIA GeForce RTX 5070,97,11605,12227,82.35,ok,34,0,0.04196137646030362
1,vllm_eager_512_20260726,formal,2,1129,18.4 (Debian 18.4-1.pgdg12+1),0.8.2,594,1785064806.6439407,snapshot,NVIDIA GeForce RTX 5070,97,11605,12227,85.49,ok,34,0,0.04323293332273703
1,vllm_eager_512_20260726,formal,2,1129,18.4 (Debian 18.4-1.pgdg12+1),0.8.2,595,1785064806.989454,snapshot,NVIDIA GeForce RTX 5070,97,11605,12227,85.49,ok,34,0,0.04466343479297463
1,vllm_eager_512_20260726,formal,2,1129,18.4 (Debian 18.4-1.pgdg12+1),0.8.2,596,1785064807.328245,snapshot,NVIDIA GeForce RTX 5070,97,11598,12227,89.34,ok,34,0,0.04633235317491857
1,vllm_eager_512_20260726,formal,2,1129,18.4 (Debian 18.4-1.pgdg12+1),0.8.2,597,1785064807.6509974,snapshot,NVIDIA GeForce RTX 5070,97,11598,12227,89.46,ok,34,0,0.04760391003735198
1,vllm_eager_512_20260726,formal,2,1129,18.4 (Debian 18.4-1.pgdg12+1),0.8.2,598,1785064807.9971337,snapshot,NVIDIA GeForce RTX 5070,97,11598,12227,89.46,ok,34,0,0.04863704998807916
1,vllm_eager_512_20260726,formal,2,1129,18.4 (Debian 18.4-1.pgdg12+1),0.8.2,599,1785064808.3565156,snapshot,NVIDIA GeForce RTX 5070,97,11598,12227,87.26,ok,33,0,0.0487165222919812
1,vllm_eager_512_20260726,formal,2,1129,18.4 (Debian 18.4-1.pgdg12+1),0.8.2,600,1785064808.6777828,snapshot,NVIDIA GeForce RTX 5070,97,11605,12227,85.67,ok,35,0,0.04323293332273703
1,vllm_eager_512_20260726,formal,2,1129,18.4 (Debian 18.4-1.pgdg12+1),0.8.2,601,1785064809.0049553,snapshot,NVIDIA GeForce RTX 5070,97,11598,12227,85.67,ok,32,0,0.04061034729396806
1,vllm_eager_512_20260726,formal,2,1129,18.4 (Debian 18.4-1.pgdg12+1),0.8.2,602,1785064809.3301332,snapshot,NVIDIA GeForce RTX 5070,97,11605,12227,81.81,ok,30,0,0.04227926567591189
1,vllm_eager_512_20260726,formal,2,1129,18.4 (Debian 18.4-1.pgdg12+1),0.8.2,603,1785064809.6774154,snapshot,NVIDIA GeForce RTX 5070,97,11605,12227,81.31,ok,30,0,0.04355082253834541
1,vllm_eager_512_20260726,formal,2,1129,18.4 (Debian 18.4-1.pgdg12+1),0.8.2,604,1785064810.00259,snapshot,NVIDIA GeForce RTX 5070,97,11598,12227,81.31,ok,30,0,0.04490185170468097
1,vllm_eager_512_20260726,formal,2,1129,18.4 (Debian 18.4-1.pgdg12+1),0.8.2,605,1785064810.3484085,snapshot,NVIDIA GeForce RTX 5070,96,11605,12227,85.20,ok,30,0,0.04625288087101642
1,vllm_eager_512_20260726,formal,2,1129,18.4 (Debian 18.4-1.pgdg12+1),0.8.2,606,1785064810.6732154,snapshot,NVIDIA GeForce RTX 5070,96,11605,12227,85.21,ok,29,0,0.04672971469442899
1,vllm_eager_512_20260726,formal,2,1129,18.4 (Debian 18.4-1.pgdg12+1),0.8.2,607,1785064811.0181158,snapshot,NVIDIA GeForce RTX 5070,96,11598,12227,85.21,ok,27,0,0.04601446395931019
1,vllm_eager_512_20260726,formal,2,1129,18.4 (Debian 18.4-1.pgdg12+1),0.8.2,608,1785064811.3593605,snapshot,NVIDIA GeForce RTX 5070,97,11605,12227,85.19,ok,26,0,0.04450449018517044
1,vllm_eager_512_20260726,formal,2,1129,18.4 (Debian 18.4-1.pgdg12+1),0.8.2,609,1785064811.6992726,snapshot,NVIDIA GeForce RTX 5070,97,11598,12227,85.47,ok,27,0,0.04363029484224745
1,vllm_eager_512_20260726,formal,2,1129,18.4 (Debian 18.4-1.pgdg12+1),0.8.2,610,1785064812.022138,snapshot,NVIDIA GeForce RTX 5070,97,11605,12227,83.47,ok,26,0,0.0429945164110308
1,vllm_eager_512_20260726,formal,2,1129,18.4 (Debian 18.4-1.pgdg12+1),0.8.2,611,1785064812.370699,snapshot,NVIDIA GeForce RTX 5070,97,11598,12227,83.47,ok,25,0,0.04196137646030362
1,vllm_eager_512_20260726,formal,2,1129,18.4 (Debian 18.4-1.pgdg12+1),0.8.2,612,1785064812.694675,snapshot,NVIDIA GeForce RTX 5070,97,11598,12227,83.11,ok,25,0,0.04307398871493284
1,vllm_eager_512_20260726,formal,2,1129,18.4 (Debian 18.4-1.pgdg12+1),0.8.2,613,1785064813.0331786,snapshot,NVIDIA GeForce RTX 5070,96,11598,12227,84.63,ok,24,0,0.04219979337200985
1,vllm_eager_512_20260726,formal,2,1129,18.4 (Debian 18.4-1.pgdg12+1),0.8.2,614,1785064813.3773682,snapshot,NVIDIA GeForce RTX 5070,96,11598,12227,84.63,ok,23,0,0.04219979337200985
1,vllm_eager_512_20260726,formal,2,1129,18.4 (Debian 18.4-1.pgdg12+1),0.8.2,615,1785064813.7025065,snapshot,NVIDIA GeForce RTX 5070,96,11598,12227,86.94,ok,22,0,0.04219979337200985
1,vllm_eager_512_20260726,formal,2,1129,18.4 (Debian 18.4-1.pgdg12+1),0.8.2,616,1785064814.0286171,snapshot,NVIDIA GeForce RTX 5070,97,11605,12227,84.63,ok,22,0,0.0429945164110308
1,vllm_eager_512_20260726,formal,2,1129,18.4 (Debian 18.4-1.pgdg12+1),0.8.2,617,1785064814.3544667,snapshot,NVIDIA GeForce RTX 5070,97,11605,12227,84.63,ok,22,0,0.04458396248907259
1,vllm_eager_512_20260726,formal,2,1129,18.4 (Debian 18.4-1.pgdg12+1),0.8.2,618,1785064814.7187867,snapshot,NVIDIA GeForce RTX 5070,97,11605,12227,84.28,ok,21,0,0.04378923945005164
1,vllm_eager_512_20260726,formal,2,1129,18.4 (Debian 18.4-1.pgdg12+1),0.8.2,619,1785064815.054536,snapshot,NVIDIA GeForce RTX 5070,96,11598,12227,88.85,ok,21,0,0.0451402686163872
1,vllm_eager_512_20260726,formal,2,1129,18.4 (Debian 18.4-1.pgdg12+1),0.8.2,620,1785064815.3820329,snapshot,NVIDIA GeForce RTX 5070,96,11598,12227,88.85,ok,29,0,0.04227926567591189
1,vllm_eager_512_20260726,formal,2,1129,18.4 (Debian 18.4-1.pgdg12+1),0.8.2,621,1785064815.7106204,snapshot,NVIDIA GeForce RTX 5070,96,11605,12227,85.53,ok,29,0,0.04315346101883488
1,vllm_eager_512_20260726,formal,2,1129,18.4 (Debian 18.4-1.pgdg12+1),0.8.2,622,1785064816.0510046,snapshot,NVIDIA GeForce RTX 5070,96,11605,12227,84.66,ok,27,0,0.04434554557736625
1,vllm_eager_512_20260726,formal,2,1129,18.4 (Debian 18.4-1.pgdg12+1),0.8.2,623,1785064816.3744633,snapshot,NVIDIA GeForce RTX 5070,96,11598,12227,84.66,ok,26,0,0.04363029484224745
1,vllm_eager_512_20260726,formal,2,1129,18.4 (Debian 18.4-1.pgdg12+1),0.8.2,624,1785064816.7166197,snapshot,NVIDIA GeForce RTX 5070,96,11605,12227,84.10,ok,25,0,0.04458396248907259
1,vllm_eager_512_20260726,formal,2,1129,18.4 (Debian 18.4-1.pgdg12+1),0.8.2,625,1785064817.0648777,snapshot,NVIDIA GeForce RTX 5070,96,11605,12227,84.59,ok,24,0,0.04593499165540804
1,vllm_eager_512_20260726,formal,2,1129,18.4 (Debian 18.4-1.pgdg12+1),0.8.2,626,1785064817.404982,snapshot,NVIDIA GeForce RTX 5070,96,11605,12227,84.59,ok,24,0,0.04720654851784156
1,vllm_eager_512_20260726,formal,2,1129,18.4 (Debian 18.4-1.pgdg12+1),0.8.2,627,1785064817.7270272,snapshot,NVIDIA GeForce RTX 5070,96,11605,12227,87.86,ok,24,0,0.04808074386076455
1,vllm_eager_512_20260726,formal,2,1129,18.4 (Debian 18.4-1.pgdg12+1),0.8.2,628,1785064818.05633,snapshot,NVIDIA GeForce RTX 5070,96,11605,12227,85.42,ok,24,0,0.04919335611539377
1,vllm_eager_512_20260726,formal,2,1129,18.4 (Debian 18.4-1.pgdg12+1),0.8.2,629,1785064818.4141865,snapshot,NVIDIA GeForce RTX 5070,96,11598,12227,85.42,ok,20,0,0.039020901215926274
1,vllm_eager_512_20260726,formal,2,1129,18.4 (Debian 18.4-1.pgdg12+1),0.8.2,630,1785064818.7373254,snapshot,NVIDIA GeForce RTX 5070,96,11605,12227,81.90,ok,24,1,0.04927282841929592
1,vllm_eager_512_20260726,formal,2,1129,18.4 (Debian 18.4-1.pgdg12+1),0.8.2,631,1785064819.0621843,snapshot,NVIDIA GeForce RTX 5070,99,11598,12227,74.45,ok,24,1,0.04927282841929592
1,vllm_eager_512_20260726,formal,2,1129,18.4 (Debian 18.4-1.pgdg12+1),0.8.2,632,1785064819.388963,snapshot,NVIDIA GeForce RTX 5070,99,11598,12227,74.45,ok,25,0,0.0524517205753795
1,vllm_eager_512_20260726,formal,2,1129,18.4 (Debian 18.4-1.pgdg12+1),0.8.2,633,1785064819.717634,snapshot,NVIDIA GeForce RTX 5070,99,11598,12227,65.85,ok,24,0,0.05046491297782718
1,vllm_eager_512_20260726,formal,2,1129,18.4 (Debian 18.4-1.pgdg12+1),0.8.2,634,1785064820.0433602,snapshot,NVIDIA GeForce RTX 5070,97,11598,12227,68.68,ok,24,0,0.05141858062465232
1,vllm_eager_512_20260726,formal,2,1129,18.4 (Debian 18.4-1.pgdg12+1),0.8.2,635,1785064820.401492,snapshot,NVIDIA GeForce RTX 5070,97,11605,12227,68.68,ok,24,0,0.05253119287928154
1,vllm_eager_512_20260726,formal,2,1129,18.4 (Debian 18.4-1.pgdg12+1),0.8.2,636,1785064820.7258124,snapshot,NVIDIA GeForce RTX 5070,97,11605,12227,76.64,ok,24,0,0.05364380513391087
1,vllm_eager_512_20260726,formal,2,1129,18.4 (Debian 18.4-1.pgdg12+1),0.8.2,637,1785064821.070519,snapshot,NVIDIA GeForce RTX 5070,97,11605,12227,82.50,ok,26,0,0.05197488675196693
1,vllm_eager_512_20260726,formal,2,1129,18.4 (Debian 18.4-1.pgdg12+1),0.8.2,638,1785064821.4112625,snapshot,NVIDIA GeForce RTX 5070,97,11601,12227,82.50,ok,26,0,0.05197488675196693
1,vllm_eager_512_20260726,formal,2,1129,18.4 (Debian 18.4-1.pgdg12+1),0.8.2,639,1785064821.732792,snapshot,NVIDIA GeForce RTX 5070,97,11601,12227,76.67,ok,26,0,0.05197488675196693
1,vllm_eager_512_20260726,formal,2,1129,18.4 (Debian 18.4-1.pgdg12+1),0.8.2,640,1785064822.096471,snapshot,NVIDIA GeForce RTX 5070,97,11602,12227,72.71,ok,25,0,0.05205435905586908
1,vllm_eager_512_20260726,formal,2,1129,18.4 (Debian 18.4-1.pgdg12+1),0.8.2,641,1785064822.436693,snapshot,NVIDIA GeForce RTX 5070,97,11595,12227,72.71,ok,24,0,0.05276960979098788
1,vllm_eager_512_20260726,formal,2,1129,18.4 (Debian 18.4-1.pgdg12+1),0.8.2,642,1785064822.7753146,snapshot,NVIDIA GeForce RTX 5070,97,11595,12227,76.30,ok,30,0,0.0472860208217436
1,vllm_eager_512_20260726,formal,2,1129,18.4 (Debian 18.4-1.pgdg12+1),0.8.2,643,1785064823.10313,snapshot,NVIDIA GeForce RTX 5070,98,11595,12227,78.28,ok,30,0,0.04823968846856874
1,vllm_eager_512_20260726,formal,2,1129,18.4 (Debian 18.4-1.pgdg12+1),0.8.2,644,1785064823.4331572,snapshot,NVIDIA GeForce RTX 5070,98,11595,12227,78.28,ok,30,0,0.04911388381149173
1,vllm_eager_512_20260726,formal,2,1129,18.4 (Debian 18.4-1.pgdg12+1),0.8.2,645,1785064823.775733,snapshot,NVIDIA GeForce RTX 5070,98,11602,12227,80.12,ok,29,0,0.05062385758563137
1,vllm_eager_512_20260726,formal,2,1129,18.4 (Debian 18.4-1.pgdg12+1),0.8.2,646,1785064824.1119616,snapshot,NVIDIA GeForce RTX 5070,97,11602,12227,82.24,ok,28,0,0.04792179925296036
1,vllm_eager_512_20260726,formal,2,1129,18.4 (Debian 18.4-1.pgdg12+1),0.8.2,647,1785064824.456527,snapshot,NVIDIA GeForce RTX 5070,97,11602,12227,82.24,ok,34,0,0.05118016371294609
1,vllm_eager_512_20260726,formal,2,1129,18.4 (Debian 18.4-1.pgdg12+1),0.8.2,648,1785064824.7983394,snapshot,NVIDIA GeForce RTX 5070,97,11602,12227,78.18,ok,34,0,0.05253119287928154
1,vllm_eager_512_20260726,formal,2,1129,18.4 (Debian 18.4-1.pgdg12+1),0.8.2,649,1785064825.1255076,snapshot,NVIDIA GeForce RTX 5070,97,11602,12227,79.33,ok,34,0,0.05380274974171506
1,vllm_eager_512_20260726,formal,2,1129,18.4 (Debian 18.4-1.pgdg12+1),0.8.2,650,1785064825.4689991,snapshot,NVIDIA GeForce RTX 5070,97,11602,12227,79.33,ok,34,0,0.05507430660414847
1,vllm_eager_512_20260726,formal,2,1129,18.4 (Debian 18.4-1.pgdg12+1),0.8.2,651,1785064825.7934747,snapshot,NVIDIA GeForce RTX 5070,97,11602,12227,85.96,ok,33,0,0.0560279742509735
1,vllm_eager_512_20260726,formal,2,1129,18.4 (Debian 18.4-1.pgdg12+1),0.8.2,652,1785064826.1342177,snapshot,NVIDIA GeForce RTX 5070,98,11595,12227,85.66,ok,33,0,0.05706111420170068
1,vllm_eager_512_20260726,formal,2,1129,18.4 (Debian 18.4-1.pgdg12+1),0.8.2,653,1785064826.4753773,snapshot,NVIDIA GeForce RTX 5070,98,11602,12227,85.66,ok,33,0,0.05793530954462367
1,vllm_eager_512_20260726,formal,2,1129,18.4 (Debian 18.4-1.pgdg12+1),0.8.2,654,1785064826.81739,snapshot,NVIDIA GeForce RTX 5070,98,11602,12227,82.95,ok,33,0,0.05952475562266546
1,vllm_eager_512_20260726,formal,2,1129,18.4 (Debian 18.4-1.pgdg12+1),0.8.2,655,1785064827.1445196,snapshot,NVIDIA GeForce RTX 5070,97,11595,12227,83.71,ok,33,0,0.06055789557339264
1,vllm_eager_512_20260726,formal,2,1129,18.4 (Debian 18.4-1.pgdg12+1),0.8.2,656,1785064827.4869802,snapshot,NVIDIA GeForce RTX 5070,97,11602,12227,83.71,ok,33,0,0.06230628625923862
1,vllm_eager_512_20260726,formal,2,1129,18.4 (Debian 18.4-1.pgdg12+1),0.8.2,657,1785064827.811375,snapshot,NVIDIA GeForce RTX 5070,97,11602,12227,89.51,ok,42,0,0.0597631725343718
1,vllm_eager_512_20260726,formal,2,1129,18.4 (Debian 18.4-1.pgdg12+1),0.8.2,658,1785064828.138207,snapshot,NVIDIA GeForce RTX 5070,98,11602,12227,86.31,ok,42,0,0.0611936740046094
1,vllm_eager_512_20260726,formal,2,1129,18.4 (Debian 18.4-1.pgdg12+1),0.8.2,659,1785064828.477107,snapshot,NVIDIA GeForce RTX 5070,98,11595,12227,86.31,ok,41,0,0.06270364777874915
1,vllm_eager_512_20260726,formal,2,1129,18.4 (Debian 18.4-1.pgdg12+1),0.8.2,660,1785064828.815801,snapshot,NVIDIA GeForce RTX 5070,98,11595,12227,82.83,ok,41,0,0.06429309385679094
1,vllm_eager_512_20260726,formal,2,1129,18.4 (Debian 18.4-1.pgdg12+1),0.8.2,661,1785064829.157019,snapshot,NVIDIA GeForce RTX 5070,97,11595,12227,86.24,ok,40,0,0.06381626003337837
1,vllm_eager_512_20260726,formal,2,1129,18.4 (Debian 18.4-1.pgdg12+1),0.8.2,662,1785064829.4851859,snapshot,NVIDIA GeForce RTX 5070,97,11595,12227,86.24,ok,39,0,0.06453151076849717
1,vllm_eager_512_20260726,formal,2,1129,18.4 (Debian 18.4-1.pgdg12+1),0.8.2,663,1785064829.810148,snapshot,NVIDIA GeForce RTX 5070,97,11595,12227,86.76,ok,39,0,0.06588253993483273
1,vllm_eager_512_20260726,formal,2,1129,18.4 (Debian 18.4-1.pgdg12+1),0.8.2,664,1785064830.155189,snapshot,NVIDIA GeForce RTX 5070,97,11595,12227,84.58,ok,39,0,0.06643884606214734
1,vllm_eager_512_20260726,formal,2,1129,18.4 (Debian 18.4-1.pgdg12+1),0.8.2,665,1785064830.4729805,snapshot,NVIDIA GeForce RTX 5070,97,11595,12227,84.58,ok,37,0,0.06318048160216161
1,vllm_eager_512_20260726,formal,2,1129,18.4 (Debian 18.4-1.pgdg12+1),0.8.2,666,1785064830.7978854,snapshot,NVIDIA GeForce RTX 5070,97,11595,12227,85.03,ok,45,0,0.06723356910116829
1,vllm_eager_512_20260726,formal,2,1129,18.4 (Debian 18.4-1.pgdg12+1),0.8.2,667,1785064831.1234913,snapshot,NVIDIA GeForce RTX 5070,98,11602,12227,80.31,ok,45,0,0.06802829214018913
1,vllm_eager_512_20260726,formal,2,1129,18.4 (Debian 18.4-1.pgdg12+1),0.8.2,668,1785064831.4482958,snapshot,NVIDIA GeForce RTX 5070,98,11602,12227,80.31,ok,45,0,0.06985615512993726
1,vllm_eager_512_20260726,formal,2,1129,18.4 (Debian 18.4-1.pgdg12+1),0.8.2,669,1785064831.7767465,snapshot,NVIDIA GeForce RTX 5070,98,11602,12227,78.93,ok,44,0,0.06937932130652469
1,vllm_eager_512_20260726,formal,2,1129,18.4 (Debian 18.4-1.pgdg12+1),0.8.2,670,1785064832.132672,snapshot,NVIDIA GeForce RTX 5070,97,11602,12227,83.90,ok,44,0,0.07120718429627271
1,vllm_eager_512_20260726,formal,2,1129,18.4 (Debian 18.4-1.pgdg12+1),0.8.2,671,1785064832.477626,snapshot,NVIDIA GeForce RTX 5070,97,11595,12227,83.90,ok,44,0,0.07263768576651042
1,vllm_eager_512_20260726,formal,2,1129,18.4 (Debian 18.4-1.pgdg12+1),0.8.2,672,1785064832.818187,snapshot,NVIDIA GeForce RTX 5070,97,11595,12227,83.96,ok,43,0,0.07327346419772707
1,vllm_eager_512_20260726,formal,2,1129,18.4 (Debian 18.4-1.pgdg12+1),0.8.2,673,1785064833.1589787,snapshot,NVIDIA GeForce RTX 5070,97,11602,12227,85.92,ok,43,0,0.07470396566796467
1,vllm_eager_512_20260726,formal,2,1129,18.4 (Debian 18.4-1.pgdg12+1),0.8.2,674,1785064833.5006769,snapshot,NVIDIA GeForce RTX 5070,97,11602,12227,85.92,ok,42,0,0.07541921640308358
1,vllm_eager_512_20260726,formal,2,1129,18.4 (Debian 18.4-1.pgdg12+1),0.8.2,675,1785064833.8223205,snapshot,NVIDIA GeForce RTX 5070,97,11602,12227,88.41,ok,41,0,0.07605499483430023
1,vllm_eager_512_20260726,formal,2,1129,18.4 (Debian 18.4-1.pgdg12+1),0.8.2,676,1785064834.1680596,snapshot,NVIDIA GeForce RTX 5070,97,11602,12227,87.05,ok,41,0,0.0772470793928316
1,vllm_eager_512_20260726,formal,2,1129,18.4 (Debian 18.4-1.pgdg12+1),0.8.2,677,1785064834.5114622,snapshot,NVIDIA GeForce RTX 5070,97,11602,12227,87.05,ok,45,0,0.07343240880553126
1,vllm_eager_512_20260726,formal,2,1129,18.4 (Debian 18.4-1.pgdg12+1),0.8.2,678,1785064834.8320138,snapshot,NVIDIA GeForce RTX 5070,97,11602,12227,88.04,ok,45,0,0.07343240880553126
1,vllm_eager_512_20260726,formal,2,1129,18.4 (Debian 18.4-1.pgdg12+1),0.8.2,679,1785064835.1644495,snapshot,NVIDIA GeForce RTX 5070,98,11595,12227,77.48,ok,43,0,0.07184296272748947
1,vllm_eager_512_20260726,formal,2,1129,18.4 (Debian 18.4-1.pgdg12+1),0.8.2,680,1785064835.4987462,snapshot,NVIDIA GeForce RTX 5070,98,11595,12227,77.48,ok,43,0,0.07327346419772707
1,vllm_eager_512_20260726,formal,2,1129,18.4 (Debian 18.4-1.pgdg12+1),0.8.2,681,1785064835.8455265,snapshot,NVIDIA GeForce RTX 5070,98,11595,12227,74.42,ok,43,0,0.07526027179527939
1,vllm_eager_512_20260726,formal,2,1129,18.4 (Debian 18.4-1.pgdg12+1),0.8.2,682,1785064836.1882112,snapshot,NVIDIA GeForce RTX 5070,97,11595,12227,86.44,ok,43,0,0.07669077326551699
1,vllm_eager_512_20260726,formal,2,1129,18.4 (Debian 18.4-1.pgdg12+1),0.8.2,683,1785064836.512622,snapshot,NVIDIA GeForce RTX 5070,97,11602,12227,86.44,ok,42,0,0.07645235635381065
1,vllm_eager_512_20260726,formal,2,1129,18.4 (Debian 18.4-1.pgdg12+1),0.8.2,684,1785064836.8555195,snapshot,NVIDIA GeForce RTX 5070,97,11602,12227,88.04,ok,42,0,0.07820074703965663
1,vllm_eager_512_20260726,formal,2,1129,18.4 (Debian 18.4-1.pgdg12+1),0.8.2,685,1785064837.1975021,snapshot,NVIDIA GeForce RTX 5070,98,11602,12227,86.29,ok,42,0,0.07963124850989434
1,vllm_eager_512_20260726,formal,2,1129,18.4 (Debian 18.4-1.pgdg12+1),0.8.2,686,1785064837.5419066,snapshot,NVIDIA GeForce RTX 5070,98,11595,12227,84.12,ok,42,0,0.08050544385281733
1,vllm_eager_512_20260726,formal,2,1129,18.4 (Debian 18.4-1.pgdg12+1),0.8.2,687,1785064837.8673694,snapshot,NVIDIA GeForce RTX 5070,98,11595,12227,84.12,ok,39,0,0.078518636255265
1,vllm_eager_512_20260726,formal,2,1129,18.4 (Debian 18.4-1.pgdg12+1),0.8.2,688,1785064838.191803,snapshot,NVIDIA GeForce RTX 5070,98,11604,12227,84.03,ok,39,0,0.07963124850989434
1,vllm_eager_512_20260726,formal,2,1129,18.4 (Debian 18.4-1.pgdg12+1),0.8.2,689,1785064838.5380585,snapshot,NVIDIA GeForce RTX 5070,98,11622,12227,84.03,ok,37,0,0.07931335929428596
1,vllm_eager_512_20260726,formal,2,1129,18.4 (Debian 18.4-1.pgdg12+1),0.8.2,690,1785064838.8624988,snapshot,NVIDIA GeForce RTX 5070,98,11639,12227,86.13,ok,36,0,0.07931335929428596
1,vllm_eager_512_20260726,formal,2,1129,18.4 (Debian 18.4-1.pgdg12+1),0.8.2,691,1785064839.1896956,snapshot,NVIDIA GeForce RTX 5070,97,11624,12227,86.07,ok,35,0,0.07891599777477554
1,vllm_eager_512_20260726,formal,2,1129,18.4 (Debian 18.4-1.pgdg12+1),0.8.2,692,1785064839.5255804,snapshot,NVIDIA GeForce RTX 5070,97,11624,12227,86.07,ok,34,0,0.078518636255265
1,vllm_eager_512_20260726,formal,2,1129,18.4 (Debian 18.4-1.pgdg12+1),0.8.2,693,1785064839.8584397,snapshot,NVIDIA GeForce RTX 5070,97,11620,12227,85.65,ok,34,0,0.07955177620599219
1,vllm_eager_512_20260726,formal,2,1129,18.4 (Debian 18.4-1.pgdg12+1),0.8.2,694,1785064840.1842594,snapshot,NVIDIA GeForce RTX 5070,97,11613,12227,83.50,ok,30,0,0.06985615512993726
1,vllm_eager_512_20260726,formal,2,1129,18.4 (Debian 18.4-1.pgdg12+1),0.8.2,695,1785064840.5119784,snapshot,NVIDIA GeForce RTX 5070,97,11616,12227,83.50,ok,34,0,0.07255821346260827
1,vllm_eager_512_20260726,formal,2,1129,18.4 (Debian 18.4-1.pgdg12+1),0.8.2,696,1785064840.8746262,snapshot,NVIDIA GeForce RTX 5070,97,11615,12227,79.13,ok,33,0,0.07120718429627271
1,vllm_eager_512_20260726,formal,2,1129,18.4 (Debian 18.4-1.pgdg12+1),0.8.2,697,1785064841.214875,snapshot,NVIDIA GeForce RTX 5070,97,11615,12227,76.38,ok,31,0,0.06898195978701427
1,vllm_eager_512_20260726,formal,2,1129,18.4 (Debian 18.4-1.pgdg12+1),0.8.2,698,1785064841.5722837,snapshot,NVIDIA GeForce RTX 5070,97,11615,12227,85.07,ok,31,0,0.07017404434554553
1,vllm_eager_512_20260726,formal,2,1129,18.4 (Debian 18.4-1.pgdg12+1),0.8.2,699,1785064841.914175,snapshot,NVIDIA GeForce RTX 5070,97,11615,12227,85.07,ok,31,0,0.07168401811968528
1,vllm_eager_512_20260726,formal,2,1129,18.4 (Debian 18.4-1.pgdg12+1),0.8.2,700,1785064842.2401106,snapshot,NVIDIA GeForce RTX 5070,97,11621,12227,84.50,ok,30,0,0.07255821346260827
1,vllm_eager_512_20260726,formal,2,1129,18.4 (Debian 18.4-1.pgdg12+1),0.8.2,701,1785064842.5654948,snapshot,NVIDIA GeForce RTX 5070,97,11621,12227,83.74,ok,29,0,0.07255821346260827
1,vllm_eager_512_20260726,formal,2,1129,18.4 (Debian 18.4-1.pgdg12+1),0.8.2,702,1785064842.88997,snapshot,NVIDIA GeForce RTX 5070,97,11615,12227,83.74,ok,29,0,0.07446554875625844
1,vllm_eager_512_20260726,formal,2,1129,18.4 (Debian 18.4-1.pgdg12+1),0.8.2,703,1785064843.233064,snapshot,NVIDIA GeForce RTX 5070,96,11615,12227,88.30,ok,28,0,0.07390924262894383
1,vllm_eager_512_20260726,formal,2,1129,18.4 (Debian 18.4-1.pgdg12+1),0.8.2,704,1785064843.577743,snapshot,NVIDIA GeForce RTX 5070,96,11607,12227,86.62,ok,28,0,0.07526027179527939
1,vllm_eager_512_20260726,formal,2,1129,18.4 (Debian 18.4-1.pgdg12+1),0.8.2,705,1785064843.9165502,snapshot,NVIDIA GeForce RTX 5070,96,11607,12227,86.62,ok,26,0,0.05682269728999445
1,vllm_eager_512_20260726,formal,2,1129,18.4 (Debian 18.4-1.pgdg12+1),0.8.2,706,1785064844.2492504,snapshot,NVIDIA GeForce RTX 5070,97,11607,12227,81.81,ok,25,0,0.05698164189779864
1,vllm_eager_512_20260726,formal,2,1129,18.4 (Debian 18.4-1.pgdg12+1),0.8.2,707,1785064844.5881538,snapshot,NVIDIA GeForce RTX 5070,97,11607,12227,82.45,ok,25,0,0.05865056027974247
1,vllm_eager_512_20260726,formal,2,1129,18.4 (Debian 18.4-1.pgdg12+1),0.8.2,708,1785064844.9312122,snapshot,NVIDIA GeForce RTX 5070,97,11607,12227,82.45,ok,24,0,0.05650480807438607
1,vllm_eager_512_20260726,formal,2,1129,18.4 (Debian 18.4-1.pgdg12+1),0.8.2,709,1785064845.2558978,snapshot,NVIDIA GeForce RTX 5070,97,11600,12227,86.04,ok,31,0,0.05237224827147735
1,vllm_eager_512_20260726,formal,2,1129,18.4 (Debian 18.4-1.pgdg12+1),0.8.2,710,1785064845.61815,snapshot,NVIDIA GeForce RTX 5070,97,11600,12227,81.04,ok,31,0,0.05237224827147735
1,vllm_eager_512_20260726,formal,2,1129,18.4 (Debian 18.4-1.pgdg12+1),0.8.2,711,1785064845.9562354,snapshot,NVIDIA GeForce RTX 5070,97,11600,12227,81.04,ok,34,0,0.05912739410315504
1,vllm_eager_512_20260726,formal,2,1129,18.4 (Debian 18.4-1.pgdg12+1),0.8.2,712,1785064846.2965667,snapshot,NVIDIA GeForce RTX 5070,99,11600,12227,71.93,ok,34,0,0.05912739410315504
1,vllm_eager_512_20260726,formal,2,1129,18.4 (Debian 18.4-1.pgdg12+1),0.8.2,713,1785064846.6271436,snapshot,NVIDIA GeForce RTX 5070,99,11600,12227,64.76,ok,37,0,0.05968370023046965
1,vllm_eager_512_20260726,formal,2,1129,18.4 (Debian 18.4-1.pgdg12+1),0.8.2,714,1785064846.9492974,snapshot,NVIDIA GeForce RTX 5070,99,11600,12227,64.76,ok,36,0,0.05880950488754666
1,vllm_eager_512_20260726,formal,2,1129,18.4 (Debian 18.4-1.pgdg12+1),0.8.2,715,1785064847.2955704,snapshot,NVIDIA GeForce RTX 5070,97,11600,12227,70.03,ok,33,0,0.06000158944607803
1,vllm_eager_512_20260726,formal,2,1129,18.4 (Debian 18.4-1.pgdg12+1),0.8.2,716,1785064847.6361513,snapshot,NVIDIA GeForce RTX 5070,97,11600,12227,81.95,ok,29,0,0.04990860685051257
1,vllm_eager_512_20260726,formal,2,1129,18.4 (Debian 18.4-1.pgdg12+1),0.8.2,717,1785064847.9841897,snapshot,NVIDIA GeForce RTX 5070,97,11600,12227,81.95,ok,40,0,0.05364380513391087
1,vllm_eager_512_20260726,formal,2,1129,18.4 (Debian 18.4-1.pgdg12+1),0.8.2,718,1785064848.3231883,snapshot,NVIDIA GeForce RTX 5070,98,11600,12227,84.67,ok,40,0,0.05467694508463805
1,vllm_eager_512_20260726,formal,2,1129,18.4 (Debian 18.4-1.pgdg12+1),0.8.2,719,1785064848.6663659,snapshot,NVIDIA GeForce RTX 5070,98,11607,12227,80.36,ok,40,0,0.05626639116267984
1,vllm_eager_512_20260726,formal,2,1129,18.4 (Debian 18.4-1.pgdg12+1),0.8.2,720,1785064848.9883523,snapshot,NVIDIA GeForce RTX 5070,98,11607,12227,80.36,ok,39,0,0.05722005880950487
1,vllm_eager_512_20260726,formal,2,1129,18.4 (Debian 18.4-1.pgdg12+1),0.8.2,721,1785064849.3159811,snapshot,NVIDIA GeForce RTX 5070,97,11607,12227,83.53,ok,38,0,0.05555114042756104
1,vllm_eager_512_20260726,formal,2,1129,18.4 (Debian 18.4-1.pgdg12+1),0.8.2,722,1785064849.654926,snapshot,NVIDIA GeForce RTX 5070,97,11607,12227,85.69,ok,37,0,0.05706111420170068
1,vllm_eager_512_20260726,formal,2,1129,18.4 (Debian 18.4-1.pgdg12+1),0.8.2,723,1785064849.9834023,snapshot,NVIDIA GeForce RTX 5070,97,11600,12227,85.69,ok,35,0,0.05753794802511325
1,vllm_eager_512_20260726,formal,2,1129,18.4 (Debian 18.4-1.pgdg12+1),0.8.2,724,1785064850.3300643,snapshot,NVIDIA GeForce RTX 5070,97,11600,12227,86.58,ok,35,0,0.05896844949535085
1,vllm_eager_512_20260726,formal,2,1129,18.4 (Debian 18.4-1.pgdg12+1),0.8.2,725,1785064850.6557596,snapshot,NVIDIA GeForce RTX 5070,97,11600,12227,87.29,ok,35,0,0.06031947866168641
1,vllm_eager_512_20260726,formal,2,1129,18.4 (Debian 18.4-1.pgdg12+1),0.8.2,726,1785064850.995178,snapshot,NVIDIA GeForce RTX 5070,97,11600,12227,87.29,ok,35,0,0.06159103552411982
1,vllm_eager_512_20260726,formal,2,1129,18.4 (Debian 18.4-1.pgdg12+1),0.8.2,727,1785064851.3379624,snapshot,NVIDIA GeForce RTX 5070,97,11607,12227,86.61,ok,35,0,0.06278312008265119
1,vllm_eager_512_20260726,formal,2,1129,18.4 (Debian 18.4-1.pgdg12+1),0.8.2,728,1785064851.6654148,snapshot,NVIDIA GeForce RTX 5070,97,11607,12227,87.15,ok,32,0,0.05722005880950487
1,vllm_eager_512_20260726,formal,2,1129,18.4 (Debian 18.4-1.pgdg12+1),0.8.2,729,1785064851.99122,snapshot,NVIDIA GeForce RTX 5070,97,11600,12227,87.15,ok,32,0,0.05849161567193828
1,vllm_eager_512_20260726,formal,2,1129,18.4 (Debian 18.4-1.pgdg12+1),0.8.2,730,1785064852.3182578,snapshot,NVIDIA GeForce RTX 5070,96,11600,12227,86.74,ok,27,0,0.04577604704760396
1,vllm_eager_512_20260726,formal,2,1129,18.4 (Debian 18.4-1.pgdg12+1),0.8.2,731,1785064852.6612952,snapshot,NVIDIA GeForce RTX 5070,96,11601,12227,82.86,ok,35,0,0.04887546689978539
1,vllm_eager_512_20260726,formal,2,1129,18.4 (Debian 18.4-1.pgdg12+1),0.8.2,732,1785064853.005908,snapshot,NVIDIA GeForce RTX 5070,96,11600,12227,82.86,ok,35,0,0.05022649606612095
1,vllm_eager_512_20260726,formal,2,1129,18.4 (Debian 18.4-1.pgdg12+1),0.8.2,733,1785064853.3258064,snapshot,NVIDIA GeForce RTX 5070,97,11607,12227,79.87,ok,34,0,0.05149805292855436
1,vllm_eager_512_20260726,formal,2,1129,18.4 (Debian 18.4-1.pgdg12+1),0.8.2,734,1785064853.6559894,snapshot,NVIDIA GeForce RTX 5070,97,11600,12227,84.60,ok,34,0,0.05261066518318369
1,vllm_eager_512_20260726,formal,2,1129,18.4 (Debian 18.4-1.pgdg12+1),0.8.2,735,1785064853.9932728,snapshot,NVIDIA GeForce RTX 5070,97,11600,12227,84.60,ok,34,0,0.05420011126122548
1,vllm_eager_512_20260726,formal,2,1129,18.4 (Debian 18.4-1.pgdg12+1),0.8.2,736,1785064854.3369033,snapshot,NVIDIA GeForce RTX 5070,97,11607,12227,87.01,ok,33,0,0.05499483430024632
1,vllm_eager_512_20260726,formal,2,1129,18.4 (Debian 18.4-1.pgdg12+1),0.8.2,737,1785064854.6643019,snapshot,NVIDIA GeForce RTX 5070,97,11607,12227,85.49,ok,32,0,0.05443852817293171
1,vllm_eager_512_20260726,formal,2,1129,18.4 (Debian 18.4-1.pgdg12+1),0.8.2,738,1785064854.9909217,snapshot,NVIDIA GeForce RTX 5070,97,11600,12227,85.49,ok,32,0,0.0560279742509735
1,vllm_eager_512_20260726,formal,2,1129,18.4 (Debian 18.4-1.pgdg12+1),0.8.2,739,1785064855.3354228,snapshot,NVIDIA GeForce RTX 5070,97,11600,12227,86.55,ok,32,0,0.04339187793054122
1,vllm_eager_512_20260726,formal,2,1129,18.4 (Debian 18.4-1.pgdg12+1),0.8.2,740,1785064855.6570807,snapshot,NVIDIA GeForce RTX 5070,97,11607,12227,79.36,ok,31,0,0.04339187793054122
1,vllm_eager_512_20260726,formal,2,1129,18.4 (Debian 18.4-1.pgdg12+1),0.8.2,741,1785064856.0045683,snapshot,NVIDIA GeForce RTX 5070,97,11607,12227,79.36,ok,31,0,0.04482237940077882
1,vllm_eager_512_20260726,formal,2,1129,18.4 (Debian 18.4-1.pgdg12+1),0.8.2,742,1785064856.3272903,snapshot,NVIDIA GeForce RTX 5070,97,11607,12227,79.03,ok,31,0,0.04617340856711438
1,vllm_eager_512_20260726,formal,2,1129,18.4 (Debian 18.4-1.pgdg12+1),0.8.2,743,1785064856.6716392,snapshot,NVIDIA GeForce RTX 5070,97,11607,12227,85.04,ok,31,0,0.04768338234125402
1,vllm_eager_512_20260726,formal,2,1129,18.4 (Debian 18.4-1.pgdg12+1),0.8.2,744,1785064856.9951088,snapshot,NVIDIA GeForce RTX 5070,97,11607,12227,85.04,ok,30,0,0.04903441150758958
1,vllm_eager_512_20260726,formal,2,1129,18.4 (Debian 18.4-1.pgdg12+1),0.8.2,745,1785064857.3414767,snapshot,NVIDIA GeForce RTX 5070,97,11607,12227,86.26,ok,30,0,0.05054438528172933
1,vllm_eager_512_20260726,formal,2,1129,18.4 (Debian 18.4-1.pgdg12+1),0.8.2,746,1785064857.684473,snapshot,NVIDIA GeForce RTX 5070,97,11600,12227,87.05,ok,30,0,0.0517364698402607
1,vllm_eager_512_20260726,formal,2,1129,18.4 (Debian 18.4-1.pgdg12+1),0.8.2,747,1785064858.0096104,snapshot,NVIDIA GeForce RTX 5070,97,11600,12227,87.05,ok,29,0,0.05157752523245651
1,vllm_eager_512_20260726,formal,2,1129,18.4 (Debian 18.4-1.pgdg12+1),0.8.2,748,1785064858.3374398,snapshot,NVIDIA GeForce RTX 5070,96,11600,12227,85.93,ok,34,0,0.05038544067392514
1,vllm_eager_512_20260726,formal,2,1129,18.4 (Debian 18.4-1.pgdg12+1),0.8.2,749,1785064858.6789453,snapshot,NVIDIA GeForce RTX 5070,96,11607,12227,81.28,ok,34,0,0.05165699753635855
1,vllm_eager_512_20260726,formal,2,1129,18.4 (Debian 18.4-1.pgdg12+1),0.8.2,750,1785064859.0043304,snapshot,NVIDIA GeForce RTX 5070,96,11607,12227,81.28,ok,34,0,0.05292855439879207
1,vllm_eager_512_20260726,formal,2,1129,18.4 (Debian 18.4-1.pgdg12+1),0.8.2,751,1785064859.347149,snapshot,NVIDIA GeForce RTX 5070,97,11600,12227,82.79,ok,34,0,0.05435905586902967
1,vllm_eager_512_20260726,formal,2,1129,18.4 (Debian 18.4-1.pgdg12+1),0.8.2,752,1785064859.6730087,snapshot,NVIDIA GeForce RTX 5070,97,11600,12227,86.15,ok,33,0,0.05396169434951914
1,vllm_eager_512_20260726,formal,2,1129,18.4 (Debian 18.4-1.pgdg12+1),0.8.2,753,1785064859.9979496,snapshot,NVIDIA GeForce RTX 5070,97,11600,12227,86.15,ok,42,0,0.05340538822220453
1,vllm_eager_512_20260726,formal,2,1129,18.4 (Debian 18.4-1.pgdg12+1),0.8.2,754,1785064860.3431544,snapshot,NVIDIA GeForce RTX 5070,98,11600,12227,84.01,ok,41,0,0.0524517205753795
1,vllm_eager_512_20260726,formal,2,1129,18.4 (Debian 18.4-1.pgdg12+1),0.8.2,755,1785064860.6647544,snapshot,NVIDIA GeForce RTX 5070,98,11600,12227,84.50,ok,40,0,0.05435905586902967
1,vllm_eager_512_20260726,formal,2,1129,18.4 (Debian 18.4-1.pgdg12+1),0.8.2,756,1785064860.9907703,snapshot,NVIDIA GeForce RTX 5070,98,11600,12227,84.50,ok,40,0,0.05523325121195266
1,vllm_eager_512_20260726,formal,2,1129,18.4 (Debian 18.4-1.pgdg12+1),0.8.2,757,1785064861.3356063,snapshot,NVIDIA GeForce RTX 5070,97,11600,12227,85.23,ok,40,0,0.05753794802511325
1,vllm_eager_512_20260726,formal,2,1129,18.4 (Debian 18.4-1.pgdg12+1),0.8.2,758,1785064861.660637,snapshot,NVIDIA GeForce RTX 5070,97,11600,12227,88.24,ok,40,0,0.05841214336803624
1,vllm_eager_512_20260726,formal,2,1129,18.4 (Debian 18.4-1.pgdg12+1),0.8.2,759,1785064861.98998,snapshot,NVIDIA GeForce RTX 5070,97,11607,12227,88.24,ok,40,0,0.06000158944607803
1,vllm_eager_512_20260726,formal,2,1129,18.4 (Debian 18.4-1.pgdg12+1),0.8.2,760,1785064862.31391,snapshot,NVIDIA GeForce RTX 5070,97,11607,12227,88.04,ok,39,0,0.05952475562266546
1,vllm_eager_512_20260726,formal,2,1129,18.4 (Debian 18.4-1.pgdg12+1),0.8.2,761,1785064862.6536026,snapshot,NVIDIA GeForce RTX 5070,97,11607,12227,86.48,ok,39,0,0.06087578478900102
1,vllm_eager_512_20260726,formal,2,1129,18.4 (Debian 18.4-1.pgdg12+1),0.8.2,762,1785064862.984206,snapshot,NVIDIA GeForce RTX 5070,97,11607,12227,86.48,ok,39,0,0.062624175474847
1,vllm_eager_512_20260726,formal,2,1129,18.4 (Debian 18.4-1.pgdg12+1),0.8.2,763,1785064863.309012,snapshot,NVIDIA GeForce RTX 5070,97,11607,12227,87.39,ok,37,0,0.06230628625923862
1,vllm_eager_512_20260726,formal,2,1129,18.4 (Debian 18.4-1.pgdg12+1),0.8.2,764,1785064863.6341217,snapshot,NVIDIA GeForce RTX 5070,97,11600,12227,84.37,ok,36,0,0.06198839704363035
1,vllm_eager_512_20260726,formal,2,1129,18.4 (Debian 18.4-1.pgdg12+1),0.8.2,765,1785064863.9804606,snapshot,NVIDIA GeForce RTX 5070,97,11600,12227,84.37,ok,34,0,0.05928633871095923
1,vllm_eager_512_20260726,formal,2,1129,18.4 (Debian 18.4-1.pgdg12+1),0.8.2,766,1785064864.304049,snapshot,NVIDIA GeForce RTX 5070,97,11607,12227,83.90,ok,34,0,0.06111420170070725
1,vllm_eager_512_20260726,formal,2,1129,18.4 (Debian 18.4-1.pgdg12+1),0.8.2,767,1785064864.6327364,snapshot,NVIDIA GeForce RTX 5070,97,11600,12227,85.79,ok,33,0,0.05968370023046965
1,vllm_eager_512_20260726,formal,2,1129,18.4 (Debian 18.4-1.pgdg12+1),0.8.2,768,1785064864.9577553,snapshot,NVIDIA GeForce RTX 5070,97,11607,12227,85.79,ok,33,0,0.0611936740046094
1,vllm_eager_512_20260726,formal,2,1129,18.4 (Debian 18.4-1.pgdg12+1),0.8.2,769,1785064865.2988212,snapshot,NVIDIA GeForce RTX 5070,97,11607,12227,85.08,ok,33,0,0.06222681395533658
1,vllm_eager_512_20260726,formal,2,1129,18.4 (Debian 18.4-1.pgdg12+1),0.8.2,770,1785064865.6249068,snapshot,NVIDIA GeForce RTX 5070,97,11607,12227,83.44,ok,33,0,0.06318048160216161
1,vllm_eager_512_20260726,formal,2,1129,18.4 (Debian 18.4-1.pgdg12+1),0.8.2,771,1785064865.9508023,snapshot,NVIDIA GeForce RTX 5070,97,11607,12227,83.44,ok,32,0,0.06238575856314077
1,vllm_eager_512_20260726,formal,2,1129,18.4 (Debian 18.4-1.pgdg12+1),0.8.2,772,1785064866.2963538,snapshot,NVIDIA GeForce RTX 5070,97,11607,12227,82.76,ok,32,0,0.06365731542557418
1,vllm_eager_512_20260726,formal,2,1129,18.4 (Debian 18.4-1.pgdg12+1),0.8.2,773,1785064866.6375012,snapshot,NVIDIA GeForce RTX 5070,97,11607,12227,84.32,ok,31,0,0.0619089247397282
1,vllm_eager_512_20260726,formal,2,1129,18.4 (Debian 18.4-1.pgdg12+1),0.8.2,774,1785064866.9636667,snapshot,NVIDIA GeForce RTX 5070,97,11600,12227,84.32,ok,29,0,0.05968370023046965
1,vllm_eager_512_20260726,formal,2,1129,18.4 (Debian 18.4-1.pgdg12+1),0.8.2,775,1785064867.3085442,snapshot,NVIDIA GeForce RTX 5070,97,11607,12227,85.31,ok,34,0,0.05984264483827384
1,vllm_eager_512_20260726,formal,2,1129,18.4 (Debian 18.4-1.pgdg12+1),0.8.2,776,1785064867.6321275,snapshot,NVIDIA GeForce RTX 5070,97,11607,12227,83.46,ok,34,0,0.06095525709290317
1,vllm_eager_512_20260726,formal,2,1129,18.4 (Debian 18.4-1.pgdg12+1),0.8.2,777,1785064867.975876,snapshot,NVIDIA GeForce RTX 5070,97,11607,12227,83.46,ok,32,0,0.0604784232694906
1,vllm_eager_512_20260726,formal,2,1129,18.4 (Debian 18.4-1.pgdg12+1),0.8.2,778,1785064868.3173707,snapshot,NVIDIA GeForce RTX 5070,97,11607,12227,84.97,ok,32,0,0.0619089247397282
1,vllm_eager_512_20260726,formal,2,1129,18.4 (Debian 18.4-1.pgdg12+1),0.8.2,779,1785064868.642494,snapshot,NVIDIA GeForce RTX 5070,97,11607,12227,86.90,ok,30,0,0.05944528331876342
1,vllm_eager_512_20260726,formal,2,1129,18.4 (Debian 18.4-1.pgdg12+1),0.8.2,780,1785064868.9891636,snapshot,NVIDIA GeForce RTX 5070,97,11607,12227,86.90,ok,38,0,0.0399745688627513
1,vllm_eager_512_20260726,formal,2,1129,18.4 (Debian 18.4-1.pgdg12+1),0.8.2,781,1785064869.308086,snapshot,NVIDIA GeForce RTX 5070,98,11600,12227,84.31,ok,38,0,0.0399745688627513
1,vllm_eager_512_20260726,formal,2,1129,18.4 (Debian 18.4-1.pgdg12+1),0.8.2,782,1785064869.6507938,snapshot,NVIDIA GeForce RTX 5070,98,11600,12227,78.88,ok,38,0,0.04124612572518482
1,vllm_eager_512_20260726,formal,2,1129,18.4 (Debian 18.4-1.pgdg12+1),0.8.2,783,1785064869.976556,snapshot,NVIDIA GeForce RTX 5070,98,11600,12227,78.88,ok,36,0,0.04204084876420566
1,vllm_eager_512_20260726,formal,2,1129,18.4 (Debian 18.4-1.pgdg12+1),0.8.2,784,1785064870.3361647,snapshot,NVIDIA GeForce RTX 5070,97,11607,12227,78.50,ok,36,0,0.04339187793054122
1,vllm_eager_512_20260726,formal,2,1129,18.4 (Debian 18.4-1.pgdg12+1),0.8.2,785,1785064870.694963,snapshot,NVIDIA GeForce RTX 5070,97,11607,12227,84.95,ok,41,0,0.04378923945005164
1,vllm_eager_512_20260726,formal,2,1129,18.4 (Debian 18.4-1.pgdg12+1),0.8.2,786,1785064871.0347414,snapshot,NVIDIA GeForce RTX 5070,97,11607,12227,84.95,ok,40,0,0.04529921322419139
1,vllm_eager_512_20260726,formal,2,1129,18.4 (Debian 18.4-1.pgdg12+1),0.8.2,787,1785064871.3604605,snapshot,NVIDIA GeForce RTX 5070,97,11607,12227,84.22,ok,40,0,0.04665024239052695
1,vllm_eager_512_20260726,formal,2,1129,18.4 (Debian 18.4-1.pgdg12+1),0.8.2,788,1785064871.705652,snapshot,NVIDIA GeForce RTX 5070,97,11607,12227,85.35,ok,39,0,0.04752443773344994
1,vllm_eager_512_20260726,formal,2,1129,18.4 (Debian 18.4-1.pgdg12+1),0.8.2,789,1785064872.0469072,snapshot,NVIDIA GeForce RTX 5070,97,11606,12227,86.99,ok,38,0,0.04696813160613522
1,vllm_eager_512_20260726,formal,2,1129,18.4 (Debian 18.4-1.pgdg12+1),0.8.2,790,1785064872.370923,snapshot,NVIDIA GeForce RTX 5070,97,11606,12227,86.99,ok,38,0,0.04879599459588335
1,vllm_eager_512_20260726,formal,2,1129,18.4 (Debian 18.4-1.pgdg12+1),0.8.2,791,1785064872.7340138,snapshot,NVIDIA GeForce RTX 5070,97,11606,12227,87.53,ok,37,0,0.04927282841929592
1,vllm_eager_512_20260726,formal,2,1129,18.4 (Debian 18.4-1.pgdg12+1),0.8.2,792,1785064873.0704663,snapshot,NVIDIA GeForce RTX 5070,97,11600,12227,89.40,ok,35,0,0.04665024239052695
1,vllm_eager_512_20260726,formal,2,1129,18.4 (Debian 18.4-1.pgdg12+1),0.8.2,793,1785064873.4316018,snapshot,NVIDIA GeForce RTX 5070,97,11607,12227,89.40,ok,34,0,0.04752443773344994
1,vllm_eager_512_20260726,formal,2,1129,18.4 (Debian 18.4-1.pgdg12+1),0.8.2,794,1785064873.7555285,snapshot,NVIDIA GeForce RTX 5070,97,11607,12227,89.93,ok,33,0,0.04680918699833103
1,vllm_eager_512_20260726,formal,2,1129,18.4 (Debian 18.4-1.pgdg12+1),0.8.2,795,1785064874.097745,snapshot,NVIDIA GeForce RTX 5070,97,11607,12227,87.74,ok,33,0,0.04792179925296036
1,vllm_eager_512_20260726,formal,2,1129,18.4 (Debian 18.4-1.pgdg12+1),0.8.2,796,1785064874.438637,snapshot,NVIDIA GeForce RTX 5070,97,11600,12227,87.74,ok,33,0,0.04935230072319796
1,vllm_eager_512_20260726,formal,2,1129,18.4 (Debian 18.4-1.pgdg12+1),0.8.2,797,1785064874.7830133,snapshot,NVIDIA GeForce RTX 5070,97,11607,12227,84.82,ok,32,0,0.04831916077247078
1,vllm_eager_512_20260726,formal,2,1129,18.4 (Debian 18.4-1.pgdg12+1),0.8.2,798,1785064875.1062372,snapshot,NVIDIA GeForce RTX 5070,96,11607,12227,87.91,ok,37,0,0.04823968846856874
1,vllm_eager_512_20260726,formal,2,1129,18.4 (Debian 18.4-1.pgdg12+1),0.8.2,799,1785064875.4510684,snapshot,NVIDIA GeForce RTX 5070,96,11606,12227,87.91,ok,36,0,0.04855757768417701
1,vllm_eager_512_20260726,formal,2,1129,18.4 (Debian 18.4-1.pgdg12+1),0.8.2,800,1785064875.772704,snapshot,NVIDIA GeForce RTX 5070,96,11600,12227,84.11,ok,35,0,0.04863704998807916
1,vllm_eager_512_20260726,formal,2,1129,18.4 (Debian 18.4-1.pgdg12+1),0.8.2,801,1785064876.1160533,snapshot,NVIDIA GeForce RTX 5070,97,11600,12227,83.63,ok,33,0,0.04903441150758958
1,vllm_eager_512_20260726,formal,2,1129,18.4 (Debian 18.4-1.pgdg12+1),0.8.2,802,1785064876.4411647,snapshot,NVIDIA GeForce RTX 5070,97,11600,12227,83.63,ok,33,0,0.05046491297782718
1,vllm_eager_512_20260726,formal,2,1129,18.4 (Debian 18.4-1.pgdg12+1),0.8.2,803,1785064876.7980545,snapshot,NVIDIA GeForce RTX 5070,97,11600,12227,88.77,ok,33,0,0.05189541444806489
1,vllm_eager_512_20260726,formal,2,1129,18.4 (Debian 18.4-1.pgdg12+1),0.8.2,804,1785064877.1234417,snapshot,NVIDIA GeForce RTX 5070,97,11600,12227,85.98,ok,33,0,0.05284908209488992
1,vllm_eager_512_20260726,formal,2,1129,18.4 (Debian 18.4-1.pgdg12+1),0.8.2,805,1785064877.472006,snapshot,NVIDIA GeForce RTX 5070,97,11600,12227,85.98,ok,32,0,0.05340538822220453
1,vllm_eager_512_20260726,formal,2,1129,18.4 (Debian 18.4-1.pgdg12+1),0.8.2,806,1785064877.7938898,snapshot,NVIDIA GeForce RTX 5070,97,11600,12227,87.25,ok,35,0,0.04688865930223318
1,vllm_eager_512_20260726,formal,2,1129,18.4 (Debian 18.4-1.pgdg12+1),0.8.2,807,1785064878.1413448,snapshot,NVIDIA GeForce RTX 5070,98,11600,12227,81.48,ok,35,0,0.04784232694905821
1,vllm_eager_512_20260726,formal,2,1129,18.4 (Debian 18.4-1.pgdg12+1),0.8.2,808,1785064878.4657614,snapshot,NVIDIA GeForce RTX 5070,98,11607,12227,81.48,ok,35,0,0.04919335611539377
1,vllm_eager_512_20260726,formal,2,1129,18.4 (Debian 18.4-1.pgdg12+1),0.8.2,809,1785064878.794765,snapshot,NVIDIA GeForce RTX 5070,98,11607,12227,80.36,ok,33,0,0.0503059683700231
1,vllm_eager_512_20260726,formal,2,1129,18.4 (Debian 18.4-1.pgdg12+1),0.8.2,810,1785064879.1369593,snapshot,NVIDIA GeForce RTX 5070,96,11600,12227,88.11,ok,33,0,0.05157752523245651
1,vllm_eager_512_20260726,formal,2,1129,18.4 (Debian 18.4-1.pgdg12+1),0.8.2,811,1785064879.4757833,snapshot,NVIDIA GeForce RTX 5070,96,11600,12227,88.11,ok,33,0,0.05292855439879207
1,vllm_eager_512_20260726,formal,2,1129,18.4 (Debian 18.4-1.pgdg12+1),0.8.2,812,1785064879.824197,snapshot,NVIDIA GeForce RTX 5070,96,11607,12227,87.61,ok,32,0,0.05181594214416274
1,vllm_eager_512_20260726,formal,2,1129,18.4 (Debian 18.4-1.pgdg12+1),0.8.2,813,1785064880.1470394,snapshot,NVIDIA GeForce RTX 5070,96,11607,12227,87.28,ok,32,0,0.05364380513391087
1,vllm_eager_512_20260726,formal,2,1129,18.4 (Debian 18.4-1.pgdg12+1),0.8.2,814,1785064880.4752896,snapshot,NVIDIA GeForce RTX 5070,96,11607,12227,87.28,ok,32,0,0.05475641738854009
1,vllm_eager_512_20260726,formal,2,1129,18.4 (Debian 18.4-1.pgdg12+1),0.8.2,815,1785064880.8176904,snapshot,NVIDIA GeForce RTX 5070,96,11607,12227,86.13,ok,32,0,0.05666375268219026
1,vllm_eager_512_20260726,formal,2,1129,18.4 (Debian 18.4-1.pgdg12+1),0.8.2,816,1785064881.1433716,snapshot,NVIDIA GeForce RTX 5070,97,11607,12227,86.07,ok,31,0,0.04982913454661053
1,vllm_eager_512_20260726,formal,2,1129,18.4 (Debian 18.4-1.pgdg12+1),0.8.2,817,1785064881.468846,snapshot,NVIDIA GeForce RTX 5070,97,11607,12227,86.07,ok,29,0,0.0503059683700231
1,vllm_eager_512_20260726,formal,2,1129,18.4 (Debian 18.4-1.pgdg12+1),0.8.2,818,1785064881.8097246,snapshot,NVIDIA GeForce RTX 5070,97,11600,12227,87.81,ok,28,0,0.0503059683700231
1,vllm_eager_512_20260726,formal,2,1129,18.4 (Debian 18.4-1.pgdg12+1),0.8.2,819,1785064882.1346257,snapshot,NVIDIA GeForce RTX 5070,97,11600,12227,86.49,ok,21,0,0.033378367638877804
1,vllm_eager_512_20260726,formal,2,1129,18.4 (Debian 18.4-1.pgdg12+1),0.8.2,820,1785064882.476258,snapshot,NVIDIA GeForce RTX 5070,97,11600,12227,86.49,ok,29,0,0.03687514901056976
1,vllm_eager_512_20260726,formal,2,1129,18.4 (Debian 18.4-1.pgdg12+1),0.8.2,821,1785064882.8390765,snapshot,NVIDIA GeForce RTX 5070,97,11607,12227,82.18,ok,38,0,0.04148454263689105
1,vllm_eager_512_20260726,formal,2,1129,18.4 (Debian 18.4-1.pgdg12+1),0.8.2,822,1785064883.1592932,snapshot,NVIDIA GeForce RTX 5070,99,11607,12227,75.84,ok,38,0,0.04148454263689105
1,vllm_eager_512_20260726,formal,2,1129,18.4 (Debian 18.4-1.pgdg12+1),0.8.2,823,1785064883.4871619,snapshot,NVIDIA GeForce RTX 5070,99,11600,12227,75.84,ok,38,0,0.04267662719542242
1,vllm_eager_512_20260726,formal,2,1129,18.4 (Debian 18.4-1.pgdg12+1),0.8.2,824,1785064883.8139484,snapshot,NVIDIA GeForce RTX 5070,99,11601,12227,73.73,ok,37,0,0.04394818405785583
1,vllm_eager_512_20260726,formal,2,1129,18.4 (Debian 18.4-1.pgdg12+1),0.8.2,825,1785064884.1410816,snapshot,NVIDIA GeForce RTX 5070,97,11607,12227,82.35,ok,37,0,0.04506079631248505
1,vllm_eager_512_20260726,formal,2,1129,18.4 (Debian 18.4-1.pgdg12+1),0.8.2,826,1785064884.4646163,snapshot,NVIDIA GeForce RTX 5070,97,11607,12227,82.35,ok,37,0,0.04680918699833103
1,vllm_eager_512_20260726,formal,2,1129,18.4 (Debian 18.4-1.pgdg12+1),0.8.2,827,1785064884.7945495,snapshot,NVIDIA GeForce RTX 5070,97,11601,12227,88.10,ok,37,0,0.04792179925296036
1,vllm_eager_512_20260726,formal,2,1129,18.4 (Debian 18.4-1.pgdg12+1),0.8.2,828,1785064885.1191638,snapshot,NVIDIA GeForce RTX 5070,98,11607,12227,86.31,ok,37,0,0.04974966224270838
1,vllm_eager_512_20260726,formal,2,1129,18.4 (Debian 18.4-1.pgdg12+1),0.8.2,829,1785064885.465508,snapshot,NVIDIA GeForce RTX 5070,98,11607,12227,86.31,ok,37,0,0.05086227449733771
1,vllm_eager_512_20260726,formal,2,1129,18.4 (Debian 18.4-1.pgdg12+1),0.8.2,830,1785064885.807329,snapshot,NVIDIA GeForce RTX 5070,98,11607,12227,88.47,ok,37,0,0.05276960979098788
1,vllm_eager_512_20260726,formal,2,1129,18.4 (Debian 18.4-1.pgdg12+1),0.8.2,831,1785064886.1301534,snapshot,NVIDIA GeForce RTX 5070,97,11607,12227,88.07,ok,37,0,0.05380274974171506
1,vllm_eager_512_20260726,formal,2,1129,18.4 (Debian 18.4-1.pgdg12+1),0.8.2,832,1785064886.4541698,snapshot,NVIDIA GeForce RTX 5070,97,11601,12227,88.07,ok,37,0,0.05571008503536512
1,vllm_eager_512_20260726,formal,2,1129,18.4 (Debian 18.4-1.pgdg12+1),0.8.2,833,1785064886.8000464,snapshot,NVIDIA GeForce RTX 5070,97,11601,12227,89.17,ok,37,0,0.0567432249860923
1,vllm_eager_512_20260726,formal,2,1129,18.4 (Debian 18.4-1.pgdg12+1),0.8.2,834,1785064887.1272545,snapshot,NVIDIA GeForce RTX 5070,97,11601,12227,87.46,ok,36,0,0.05690216959389649
1,vllm_eager_512_20260726,formal,2,1129,18.4 (Debian 18.4-1.pgdg12+1),0.8.2,835,1785064887.4724526,snapshot,NVIDIA GeForce RTX 5070,97,11601,12227,87.46,ok,36,0,0.05817372645633001
1,vllm_eager_512_20260726,formal,2,1129,18.4 (Debian 18.4-1.pgdg12+1),0.8.2,836,1785064887.7969632,snapshot,NVIDIA GeForce RTX 5070,97,11608,12227,85.83,ok,36,0,0.05952475562266546
1,vllm_eager_512_20260726,formal,2,1129,18.4 (Debian 18.4-1.pgdg12+1),0.8.2,837,1785064888.1243503,snapshot,NVIDIA GeForce RTX 5070,97,11607,12227,86.68,ok,36,0,0.06087578478900102
1,vllm_eager_512_20260726,formal,2,1129,18.4 (Debian 18.4-1.pgdg12+1),0.8.2,838,1785064888.4479208,snapshot,NVIDIA GeForce RTX 5070,97,11607,12227,86.68,ok,36,0,0.06206786934753239
1,vllm_eager_512_20260726,formal,2,1129,18.4 (Debian 18.4-1.pgdg12+1),0.8.2,839,1785064888.792747,snapshot,NVIDIA GeForce RTX 5070,97,11607,12227,86.75,ok,34,0,0.06095525709290317
1,vllm_eager_512_20260726,formal,2,1129,18.4 (Debian 18.4-1.pgdg12+1),0.8.2,840,1785064889.134631,snapshot,NVIDIA GeForce RTX 5070,98,11601,12227,87.89,ok,33,0,0.06008106174998018
1,vllm_eager_512_20260726,formal,2,1129,18.4 (Debian 18.4-1.pgdg12+1),0.8.2,841,1785064889.471147,snapshot,NVIDIA GeForce RTX 5070,98,11607,12227,87.89,ok,33,0,0.06127314630851144
1,vllm_eager_512_20260726,formal,2,1129,18.4 (Debian 18.4-1.pgdg12+1),0.8.2,842,1785064889.8323684,snapshot,NVIDIA GeForce RTX 5070,98,11601,12227,87.70,ok,31,0,0.05690216959389649
1,vllm_eager_512_20260726,formal,2,1129,18.4 (Debian 18.4-1.pgdg12+1),0.8.2,843,1785064890.1558645,snapshot,NVIDIA GeForce RTX 5070,97,11601,12227,85.05,ok,36,0,0.05141858062465232
1,vllm_eager_512_20260726,formal,2,1129,18.4 (Debian 18.4-1.pgdg12+1),0.8.2,844,1785064890.5055218,snapshot,NVIDIA GeForce RTX 5070,97,11607,12227,85.05,ok,36,0,0.05308749900659615
1,vllm_eager_512_20260726,formal,2,1129,18.4 (Debian 18.4-1.pgdg12+1),0.8.2,845,1785064890.8262546,snapshot,NVIDIA GeForce RTX 5070,97,11614,12227,83.20,ok,34,0,0.05221330366367316
1,vllm_eager_512_20260726,formal,2,1129,18.4 (Debian 18.4-1.pgdg12+1),0.8.2,846,1785064891.1552546,snapshot,NVIDIA GeForce RTX 5070,97,11601,12227,84.88,ok,34,0,0.05356433283000872
1,vllm_eager_512_20260726,formal,2,1129,18.4 (Debian 18.4-1.pgdg12+1),0.8.2,847,1785064891.4963562,snapshot,NVIDIA GeForce RTX 5070,97,11601,12227,84.88,ok,34,0,0.05475641738854009
1,vllm_eager_512_20260726,formal,2,1129,18.4 (Debian 18.4-1.pgdg12+1),0.8.2,848,1785064891.8443494,snapshot,NVIDIA GeForce RTX 5070,97,11607,12227,84.39,ok,31,0,0.04339187793054122
1,vllm_eager_512_20260726,formal,2,1129,18.4 (Debian 18.4-1.pgdg12+1),0.8.2,849,1785064892.1836712,snapshot,NVIDIA GeForce RTX 5070,97,11607,12227,83.32,ok,34,0,0.05396169434951914
1,vllm_eager_512_20260726,formal,2,1129,18.4 (Debian 18.4-1.pgdg12+1),0.8.2,850,1785064892.5066988,snapshot,NVIDIA GeForce RTX 5070,97,11601,12227,83.32,ok,34,0,0.05396169434951914
1,vllm_eager_512_20260726,formal,2,1129,18.4 (Debian 18.4-1.pgdg12+1),0.8.2,851,1785064892.8319447,snapshot,NVIDIA GeForce RTX 5070,97,11601,12227,75.99,ok,34,0,0.05499483430024632
1,vllm_eager_512_20260726,formal,2,1129,18.4 (Debian 18.4-1.pgdg12+1),0.8.2,852,1785064893.1580942,snapshot,NVIDIA GeForce RTX 5070,98,11601,12227,66.26,ok,33,0,0.0553127235158547
1,vllm_eager_512_20260726,formal,2,1129,18.4 (Debian 18.4-1.pgdg12+1),0.8.2,853,1785064893.5151067,snapshot,NVIDIA GeForce RTX 5070,98,11601,12227,66.26,ok,32,0,0.05586902964316931
1,vllm_eager_512_20260726,formal,2,1129,18.4 (Debian 18.4-1.pgdg12+1),0.8.2,854,1785064893.857862,snapshot,NVIDIA GeForce RTX 5070,98,11601,12227,77.31,ok,30,0,0.05189541444806489
1,vllm_eager_512_20260726,formal,2,1129,18.4 (Debian 18.4-1.pgdg12+1),0.8.2,855,1785064894.1959035,snapshot,NVIDIA GeForce RTX 5070,97,11607,12227,85.25,ok,29,0,0.05165699753635855
1,vllm_eager_512_20260726,formal,2,1129,18.4 (Debian 18.4-1.pgdg12+1),0.8.2,856,1785064894.5264635,snapshot,NVIDIA GeForce RTX 5070,97,11607,12227,85.25,ok,29,0,0.05332591591830249
1,vllm_eager_512_20260726,formal,2,1129,18.4 (Debian 18.4-1.pgdg12+1),0.8.2,857,1785064894.8660114,snapshot,NVIDIA GeForce RTX 5070,97,11601,12227,89.09,ok,29,0,0.05499483430024632
1,vllm_eager_512_20260726,formal,2,1129,18.4 (Debian 18.4-1.pgdg12+1),0.8.2,858,1785064895.2106493,snapshot,NVIDIA GeForce RTX 5070,97,11601,12227,89.55,ok,28,0,0.05578955733926727
1,vllm_eager_512_20260726,formal,2,1129,18.4 (Debian 18.4-1.pgdg12+1),0.8.2,859,1785064895.5518372,snapshot,NVIDIA GeForce RTX 5070,97,11607,12227,86.50,ok,27,0,0.05571008503536512
1,vllm_eager_512_20260726,formal,2,1129,18.4 (Debian 18.4-1.pgdg12+1),0.8.2,860,1785064895.8784227,snapshot,NVIDIA GeForce RTX 5070,97,11601,12227,86.50,ok,25,0,0.05364380513391087
1,vllm_eager_512_20260726,formal,2,1129,18.4 (Debian 18.4-1.pgdg12+1),0.8.2,861,1785064896.2178617,snapshot,NVIDIA GeForce RTX 5070,97,11601,12227,84.87,ok,24,0,0.05340538822220453
1,vllm_eager_512_20260726,formal,2,1129,18.4 (Debian 18.4-1.pgdg12+1),0.8.2,862,1785064896.543495,snapshot,NVIDIA GeForce RTX 5070,97,11607,12227,84.14,ok,24,0,0.05451800047683386
1,vllm_eager_512_20260726,formal,2,1129,18.4 (Debian 18.4-1.pgdg12+1),0.8.2,863,1785064896.8702207,snapshot,NVIDIA GeForce RTX 5070,97,11605,12227,84.14,ok,23,0,0.05364380513391087
1,vllm_eager_512_20260726,formal,2,1129,18.4 (Debian 18.4-1.pgdg12+1),0.8.2,864,1785064897.1947205,snapshot,NVIDIA GeForce RTX 5070,97,11599,12227,82.57,ok,22,0,0.05213383135977112
1,vllm_eager_512_20260726,formal,2,1129,18.4 (Debian 18.4-1.pgdg12+1),0.8.2,865,1785064897.526134,snapshot,NVIDIA GeForce RTX 5070,97,11599,12227,82.57,ok,20,0,0.04672971469442899
1,vllm_eager_512_20260726,formal,2,1129,18.4 (Debian 18.4-1.pgdg12+1),0.8.2,866,1785064897.8506675,snapshot,NVIDIA GeForce RTX 5070,97,11598,12227,82.39,ok,20,0,0.04784232694905821
1,vllm_eager_512_20260726,formal,2,1129,18.4 (Debian 18.4-1.pgdg12+1),0.8.2,867,1785064898.1957772,snapshot,NVIDIA GeForce RTX 5070,97,11599,12227,83.39,ok,20,0,0.04895493920368754
1,vllm_eager_512_20260726,formal,2,1129,18.4 (Debian 18.4-1.pgdg12+1),0.8.2,868,1785064898.5563984,snapshot,NVIDIA GeForce RTX 5070,97,11599,12227,82.16,ok,19,0,0.04776285464515617
1,vllm_eager_512_20260726,formal,2,1129,18.4 (Debian 18.4-1.pgdg12+1),0.8.2,869,1785064898.8940306,snapshot,NVIDIA GeForce RTX 5070,97,11599,12227,82.16,ok,18,0,0.04744496542954779
1,vllm_eager_512_20260726,formal,2,1129,18.4 (Debian 18.4-1.pgdg12+1),0.8.2,870,1785064899.2554553,snapshot,NVIDIA GeForce RTX 5070,97,11599,12227,82.44,ok,18,0,0.04839863307637293
1,vllm_eager_512_20260726,formal,2,1129,18.4 (Debian 18.4-1.pgdg12+1),0.8.2,871,1785064899.5817125,snapshot,NVIDIA GeForce RTX 5070,97,11605,12227,81.82,ok,15,0,0.04100770881347848
1,vllm_eager_512_20260726,formal,2,1129,18.4 (Debian 18.4-1.pgdg12+1),0.8.2,872,1785064899.9072888,snapshot,NVIDIA GeForce RTX 5070,97,11598,12227,81.82,ok,14,0,0.03965667964714292
1,vllm_eager_512_20260726,formal,2,1129,18.4 (Debian 18.4-1.pgdg12+1),0.8.2,873,1785064900.2320023,snapshot,NVIDIA GeForce RTX 5070,97,11598,12227,77.29,ok,12,0,0.036636732098863534
1,vllm_eager_512_20260726,formal,2,1129,18.4 (Debian 18.4-1.pgdg12+1),0.8.2,874,1785064900.5767393,snapshot,NVIDIA GeForce RTX 5070,97,11598,12227,72.30,ok,12,0,0.03703409361837395
1,vllm_eager_512_20260726,formal,2,1129,18.4 (Debian 18.4-1.pgdg12+1),0.8.2,875,1785064900.91846,snapshot,NVIDIA GeForce RTX 5070,97,11598,12227,72.30,ok,12,0,0.03790828896129694
1,vllm_eager_512_20260726,formal,2,1129,18.4 (Debian 18.4-1.pgdg12+1),0.8.2,876,1785064901.2451353,snapshot,NVIDIA GeForce RTX 5070,93,11598,12227,75.18,ok,12,0,0.038464595088611664
1,vllm_eager_512_20260726,formal,2,1129,18.4 (Debian 18.4-1.pgdg12+1),0.8.2,877,1785064901.572788,snapshot,NVIDIA GeForce RTX 5070,93,11605,12227,74.16,ok,11,0,0.03735198283398233
1,vllm_eager_512_20260726,formal,2,1129,18.4 (Debian 18.4-1.pgdg12+1),0.8.2,878,1785064901.9342067,snapshot,NVIDIA GeForce RTX 5070,93,11605,12227,74.16,ok,11,0,0.03790828896129694
1,vllm_eager_512_20260726,formal,2,1129,18.4 (Debian 18.4-1.pgdg12+1),0.8.2,879,1785064902.294975,snapshot,NVIDIA GeForce RTX 5070,97,11598,12227,72.36,ok,10,0,0.035524119844234314
1,vllm_eager_512_20260726,formal,2,1129,18.4 (Debian 18.4-1.pgdg12+1),0.8.2,880,1785064902.615058,snapshot,NVIDIA GeForce RTX 5070,97,11605,12227,73.26,ok,10,0,0.036318842883255154
1,vllm_eager_512_20260726,formal,2,1129,18.4 (Debian 18.4-1.pgdg12+1),0.8.2,881,1785064902.9610753,snapshot,NVIDIA GeForce RTX 5070,97,11605,12227,73.26,ok,10,0,0.036795676706667724
1,vllm_eager_512_20260726,formal,2,1129,18.4 (Debian 18.4-1.pgdg12+1),0.8.2,882,1785064903.294859,snapshot,NVIDIA GeForce RTX 5070,97,11605,12227,72.63,ok,10,0,0.037113565922276104
1,vllm_eager_512_20260726,formal,2,1129,18.4 (Debian 18.4-1.pgdg12+1),0.8.2,883,1785064903.6386278,snapshot,NVIDIA GeForce RTX 5070,97,11605,12227,73.57,ok,8,0,0.030358420090598415
1,vllm_eager_512_20260726,formal,2,1129,18.4 (Debian 18.4-1.pgdg12+1),0.8.2,884,1785064903.980636,snapshot,NVIDIA GeForce RTX 5070,97,11598,12227,73.57,ok,4,0,0.018119685289676557
1,vllm_eager_512_20260726,formal,2,1129,18.4 (Debian 18.4-1.pgdg12+1),0.8.2,885,1785064904.321411,snapshot,NVIDIA GeForce RTX 5070,97,11598,12227,70.67,ok,4,0,0.018358102201382787
1,vllm_eager_512_20260726,formal,2,1129,18.4 (Debian 18.4-1.pgdg12+1),0.8.2,886,1785064904.6468673,snapshot,NVIDIA GeForce RTX 5070,97,11598,12227,67.40,ok,4,0,0.018517046809186977
1,vllm_eager_512_20260726,formal,2,1129,18.4 (Debian 18.4-1.pgdg12+1),0.8.2,887,1785064904.9740644,snapshot,NVIDIA GeForce RTX 5070,97,11598,12227,67.40,ok,3,0,0.016609711515536807
1,vllm_eager_512_20260726,formal,2,1129,18.4 (Debian 18.4-1.pgdg12+1),0.8.2,888,1785064905.316169,snapshot,NVIDIA GeForce RTX 5070,96,11598,12227,68.67,ok,3,0,0.016768656123340997
1,vllm_eager_512_20260726,formal,2,1129,18.4 (Debian 18.4-1.pgdg12+1),0.8.2,889,1785064905.6540568,snapshot,NVIDIA GeForce RTX 5070,96,11598,12227,68.18,ok,3,0,0.016848128427243148
1,vllm_eager_512_20260726,formal,2,1129,18.4 (Debian 18.4-1.pgdg12+1),0.8.2,890,1785064906.0120401,snapshot,NVIDIA GeForce RTX 5070,96,11605,12227,68.18,ok,3,0,0.017007073035047338
1,vllm_eager_512_20260726,formal,2,1129,18.4 (Debian 18.4-1.pgdg12+1),0.8.2,891,1785064906.335797,snapshot,NVIDIA GeForce RTX 5070,96,11605,12227,67.64,ok,3,0,0.017086545338949377
1,vllm_eager_512_20260726,formal,2,1129,18.4 (Debian 18.4-1.pgdg12+1),0.8.2,892,1785064906.6774123,snapshot,NVIDIA GeForce RTX 5070,96,11605,12227,66.28,ok,3,0,0.017245489946753567
1,vllm_eager_512_20260726,formal,2,1129,18.4 (Debian 18.4-1.pgdg12+1),0.8.2,893,1785064907.0080957,snapshot,NVIDIA GeForce RTX 5070,96,11599,12227,66.28,ok,3,0,0.017324962250655607
1,vllm_eager_512_20260726,formal,2,1129,18.4 (Debian 18.4-1.pgdg12+1),0.8.2,894,1785064907.3325162,snapshot,NVIDIA GeForce RTX 5070,96,11605,12227,67.67,ok,3,0,0.017483906858459797
1,vllm_eager_512_20260726,formal,2,1129,18.4 (Debian 18.4-1.pgdg12+1),0.8.2,895,1785064907.6590734,snapshot,NVIDIA GeForce RTX 5070,96,11605,12227,68.46,ok,3,0,0.017563379162361947
1,vllm_eager_512_20260726,formal,2,1129,18.4 (Debian 18.4-1.pgdg12+1),0.8.2,896,1785064907.9866,snapshot,NVIDIA GeForce RTX 5070,96,11598,12227,68.46,ok,3,0,0.017722323770166137
1,vllm_eager_512_20260726,formal,2,1129,18.4 (Debian 18.4-1.pgdg12+1),0.8.2,897,1785064908.3163526,snapshot,NVIDIA GeForce RTX 5070,97,11605,12227,67.07,ok,3,0,0.017801796074068177
1,vllm_eager_512_20260726,formal,2,1129,18.4 (Debian 18.4-1.pgdg12+1),0.8.2,898,1785064908.657835,snapshot,NVIDIA GeForce RTX 5070,97,11599,12227,66.00,ok,3,0,0.017960740681872367
1,vllm_eager_512_20260726,formal,2,1129,18.4 (Debian 18.4-1.pgdg12+1),0.8.2,899,1785064909.017003,snapshot,NVIDIA GeForce RTX 5070,97,11599,12227,66.00,ok,3,0,0.018040212985774406
1,vllm_eager_512_20260726,formal,2,1129,18.4 (Debian 18.4-1.pgdg12+1),0.8.2,900,1785064909.3413973,snapshot,NVIDIA GeForce RTX 5070,97,11599,12227,66.26,ok,3,0,0.018199157593578597
1,vllm_eager_512_20260726,formal,2,1129,18.4 (Debian 18.4-1.pgdg12+1),0.8.2,901,1785064909.6657786,snapshot,NVIDIA GeForce RTX 5070,97,11605,12227,67.89,ok,3,0,0.018278629897480747
1,vllm_eager_512_20260726,formal,2,1129,18.4 (Debian 18.4-1.pgdg12+1),0.8.2,902,1785064910.011123,snapshot,NVIDIA GeForce RTX 5070,97,11605,12227,67.89,ok,2,0,0.015497099260907587
1,vllm_eager_512_20260726,formal,2,1129,18.4 (Debian 18.4-1.pgdg12+1),0.8.2,903,1785064910.3521793,snapshot,NVIDIA GeForce RTX 5070,97,11605,12227,68.10,ok,2,0,0.015576571564809627
1,vllm_eager_512_20260726,formal,2,1129,18.4 (Debian 18.4-1.pgdg12+1),0.8.2,904,1785064910.69734,snapshot,NVIDIA GeForce RTX 5070,97,11605,12227,67.55,ok,2,0,0.015735516172613817
1,vllm_eager_512_20260726,formal,2,1129,18.4 (Debian 18.4-1.pgdg12+1),0.8.2,905,1785064911.0373514,snapshot,NVIDIA GeForce RTX 5070,95,11605,12227,72.88,ok,1,0,0.008265119605817328
1,vllm_eager_512_20260726,formal,2,1129,18.4 (Debian 18.4-1.pgdg12+1),0.8.2,906,1785064911.3815196,snapshot,NVIDIA GeForce RTX 5070,95,11598,12227,72.88,ok,0,0,0.0
1,vllm_eager_512_20260726,formal,2,1129,18.4 (Debian 18.4-1.pgdg12+1),0.8.2,907,1785064911.7011907,snapshot,NVIDIA GeForce RTX 5070,95,11585,12227,71.17,ok,0,0,0.0
